PlayerID,Name,Country,College,Draft_ID
0,A.C. Green,USA,Oregon State,10000
1,A.J. Bramlett,USA,Arizona,10001
2,A.J. Guyton,USA,Indiana,10002
3,AJ Hammons,USA,Purdue,10003
4,AJ Price,USA,Connecticut,10004
5,Aaron Brooks,USA,Oregon,10005
6,Aaron Gordon,USA,Arizona,10006
7,Aaron Gray,USA,Pittsburgh,10007
8,Aaron Harrison,USA,Kentucky,10008
9,Aaron Holiday,USA,UCLA,10009
10,Aaron Jackson,USA,None,10010
11,Aaron McKie,USA,Temple,10011
12,Aaron Miles,USA,Kansas,10012
13,Aaron Williams,USA,Xavier,10013
14,Abdel Nader,Egypt,Iowa State,10014
15,Acie Earl,USA,Iowa,10015
16,Acie Law,USA,Texas A&M,10016
17,Adam Harrington,USA,Auburn,10017
18,Adam Keefe,USA,Stanford,10018
19,Adam Mokoka,France,None,10019
20,Adam Morrison,USA,Gonzaga,10020
21,Admiral Schofield,United Kingdom,Tennessee,10021
22,Adonal Foyle,St. Vincent & Grenadines,Colgate,10022
23,Adonis Jordan,USA,Kansas,10023
24,Adonis Thomas,USA,Memphis,10024
25,Adreian Payne,USA,Michigan State,10025
26,Adrian Caldwell,USA,Lamar,10026
27,Adrian Griffin,USA,Seton Hall,10027
28,Al Harrington,USA,None,10028
29,Al Horford,Dominican Republic,Florida,10029
30,Al Jefferson,USA,None,10030
31,Al Thornton,USA,Florida State,10031
32,Al-Farouq Aminu,USA,Wake Forest,10032
33,Alan Anderson,USA,Michigan State,10033
34,Alan Henderson,USA,Indiana,10034
35,Alan Williams,USA,California-Santa Barbara,10035
36,Alando Tucker,USA,Wisconsin,10036
37,Alec Burks,USA,Colorado,10037
38,Alec Peters,USA,Valparaiso,10038
39,Aleksandar Djordjevic,USA,None,10039
40,Aleksandar Radojevic,USA,Barton Community College,10040
41,Alen Smailagic,Serbia,None,10041
42,Alex Abrines,Spain,None,10042
43,Alex Acker,USA,Pepperdine,10043
44,Alex Caruso,USA,Texas A&M,10044
45,Alex Garcia,USA,None,10045
46,Alex Kirk,USA,New Mexico,10046
47,Alex Len,Ukraine,Maryland,10047
48,Alex Poythress,USA,Kentucky,10048
49,Alex Scales,USA,Oregon,10049
50,Alex Stepheson,USA,USC,10050
51,Alexander Johnson,USA,Florida State,10051
52,Alexey Shved,Russia,None,10052
53,Alexis Ajinca,France,None,10053
54,Alfonzo McKinnie,USA,None,10054
55,Alize Johnson,USA,Missouri State,10055
56,Allan Houston,USA,Tennessee,10056
57,Allan Ray,USA,Villanova,10057
58,Allen Crabbe,USA,California,10058
59,Allen Iverson,USA,Georgetown,10059
60,Allonzo Trier,USA,Arizona,10060
61,Alonzo Gee,USA,Alabama,10061
62,Alonzo Mourning,USA,Georgetown,10062
63,Alton Ford,USA,Houston,10063
64,Alton Lister,USA,Arizona State,10064
65,Alvin Jones,USA,Georgia Tech,10065
66,Alvin Sims,USA,Louisville,10066
67,Alvin Williams,USA,Villanova,10067
68,Amal McCaskill,USA,Marquette,10068
69,Amar'e Stoudemire,USA,None,10069
70,Amile Jefferson,USA,Duke,10070
71,Amir Coffey,USA,None,10071
72,Amir Johnson,USA,None,10072
73,Anderson Varejao,Brazil,None,10073
74,Andrae Patterson,USA,Indiana,10074
75,Andray Blatche,USA,None,10075
76,Andre Barrett,USA,Seton Hall,10076
77,Andre Brown,USA,DePaul,10077
78,Andre Dawkins,USA,Duke,10078
79,Andre Drummond,USA,Connecticut,10079
80,Andre Emmett,USA,Texas Tech,10080
81,Andre Iguodala,USA,Arizona,10081
82,Andre Ingram,USA,American University,10082
83,Andre Miller,USA,Utah,10083
84,Andre Owens,USA,Houston,10084
85,Andre Roberson,USA,Colorado,10085
86,Andrea Bargnani,Italy,None,10086
87,Andreas Glyniadakis,USA,None,10087
88,Andrei Kirilenko,Russia,None,10088
89,Andres Nocioni,Argentina,None,10089
90,Andrew Bogut,Australia,Utah,10090
91,Andrew Bynum,USA,None,10091
92,Andrew DeClercq,USA,Florida,10092
93,Andrew Gaze,USA,Seton Hall,10093
94,Andrew Goudelock,USA,College of Charleston,10094
95,Andrew Harrison,USA,Kentucky,10095
96,Andrew Lang,USA,Arkansas,10096
97,Andrew Nicholson,Canada,St. Bonaventure,10097
98,Andrew White III,USA,Syracuse,10098
99,Andrew Wiggins,Canada,Kansas,10099
100,Andris Biedrins,Latvia,None,10100
101,Andy Panko,USA,Lebanon Valley,10101
102,Andy Rautins,USA,Syracuse,10102
103,Anfernee Hardaway,USA,Memphis,10103
104,Anfernee Simons,USA,None,10104
105,Angel Delgado,Dominican Republic,None,10105
106,Ansu Sesay,USA,Mississippi,10106
107,Antawn Jamison,USA,North Carolina,10107
108,Ante Zizic,Croatia,None,10108
109,Anthony Avent,USA,Seton Hall,10109
110,Anthony Bennett,Canada,Nevada-Las Vegas,10110
111,Anthony Bowie,USA,Oklahoma,10111
112,Anthony Brown,USA,Stanford,10112
113,Anthony Carter,USA,Hawaii,10113
114,Anthony Davis,USA,Kentucky,10114
115,Anthony Goldwire,USA,Houston,10115
116,Anthony Grundy,USA,North Carolina State,10116
117,Anthony Johnson,USA,College of Charleston,10117
118,Anthony Mason,USA,Tennessee State,10118
119,Anthony Miller,USA,Michigan State,10119
120,Anthony Morrow,USA,Georgia Tech,10120
121,Anthony Parker,USA,Bradley,10121
122,Anthony Peeler,USA,Missouri,10122
123,Anthony Randolph,USA,Louisiana State,10123
124,Anthony Roberson,USA,Florida,10124
125,Anthony Tolliver,USA,Creighton,10125
126,Antoine Carr,USA,Wichita State,10126
127,Antoine Rigaudeau,USA,None,10127
128,Antoine Walker,USA,Kentucky,10128
129,Antoine Wright,USA,Texas A&M,10129
130,Antonio Anderson,USA,Memphis,10130
131,Antonio Blakeney,USA,Louisiana State,10131
132,Antonio Burks,USA,Memphis,10132
133,Antonio Daniels,USA,Bowling Green,10133
134,Antonio Davis,USA,Texas-El Paso,10134
135,Antonio Harvey,USA,Pfeiffer,10135
136,Antonio Lang,USA,Duke,10136
137,Antonio McDyess,USA,Alabama,10137
138,Antonis Fotsis,Greece,None,10138
139,Antonius Cleveland,USA,S.E. Missouri,10139
140,Anzejs Pasecniks,Latvia,None,10140
141,Archie Goodwin,USA,Kentucky,10141
142,Arinze Onuaku,USA,Syracuse,10142
143,Armen Gilliam,USA,Nevada-Las Vegas,10143
144,Armon Johnson,USA,Nevada,10144
145,Arnett Moultrie,USA,Mississippi State,10145
146,Aron Baynes,Australia,Washington State,10146
147,Arron Afflalo,USA,UCLA,10147
148,Art Long,USA,Cincinnati,10148
149,Arvydas Macijauskas,Lithuania,None,10149
150,Arvydas Sabonis,Lithuania,None,10150
151,Ashraf Amaya,USA,Southern Illinois,10151
152,Austin Croshere,USA,Providence,10152
153,Austin Daye,USA,Gonzaga,10153
154,Austin Rivers,USA,Duke,10154
155,Avery Bradley,USA,Texas,10155
156,Avery Johnson,USA,Southern,10156
157,Awvee Storey,USA,Arizona State,10157
158,Axel Toupane,France,None,10158
159,B.J. Armstrong,USA,Iowa,10159
160,BJ Johnson,USA,None,10160
161,Bam Adebayo,USA,Kentucky,10161
162,Baron Davis,USA,UCLA,10162
163,Ben Bentil,Ghana,Providence,10163
164,Ben Davis,USA,Arizona,10164
165,Ben Gordon,USA,Connecticut,10165
166,Ben Handlogten,USA,Western Michigan,10166
167,Ben Hansbrough,USA,Notre Dame,10167
168,Ben McLemore,USA,Kansas,10168
169,Ben Moore,USA,Southern Methodist,10169
170,Ben Simmons,Australia,Louisiana State,10170
171,Ben Uzoh,USA,Tulsa,10171
172,Ben Wallace,USA,Virginia Union,10172
173,Beno Udrih,Slovenia,None,10173
174,Benoit Benjamin,USA,Creighton,10174
175,Bernard James,USA,Florida State,10175
176,Bernard Robinson,USA,Michigan,10176
177,Bill Curley,USA,Boston College,10177
178,Bill Wennington,USA,St. John's (NY),10178
179,Billy Garrett,USA,DePaul,10179
180,Billy Owens,USA,Syracuse,10180
181,Billy Thomas,USA,Kansas,10181
182,Bimbo Coles,USA,Virginia Tech,10182
183,Bismack Biyombo,Democratic Republic of the Congo,None,10183
184,Bison Dele,USA,Arizona,10184
185,Blake Ahearn,USA,Missouri State,10185
186,Blake Griffin,USA,Oklahoma,10186
187,Blue Edwards,USA,East Carolina,10187
188,Bo Outlaw,USA,Houston,10188
189,Bob McCann,USA,Morehead State,10189
190,Bob Sura,USA,Florida State,10190
191,Boban Marjanovic,Serbia,None,10191
192,Bobby Brown,USA,Cal State-Fullerton,10192
193,Bobby Hurley,USA,Duke,10193
194,Bobby Jackson,USA,Minnesota,10194
195,Bobby Jones,USA,Washington,10195
196,Bobby Phills,USA,Southern,10196
197,Bobby Portis,USA,Arkansas,10197
198,Bobby Simmons,USA,DePaul,10198
199,Bogdan Bogdanovic,Serbia,None,10199
200,Bojan Bogdanovic,Croatia,None,10200
201,Boniface Ndong,Senegal,None,10201
202,Bonzi Wells,USA,Ball State,10202
203,Bonzie Colson,USA,Notre Dame,10203
204,Boris Diaw,France,None,10204
205,Bostjan Nachbar,Slovenia,None,10205
206,Bracey Wright,USA,Indiana,10206
207,Brad Lohaus,USA,Iowa,10207
208,Brad Miller,USA,Purdue,10208
209,Brad Wanamaker,USA,Pittsburgh,10209
210,Bradley Beal,USA,Florida,10210
211,Brandan Wright,USA,North Carolina,10211
212,Branden Dawson,USA,Michigan State,10212
213,Brandin Knight,USA,Pittsburgh,10213
214,Brandon Armstrong,USA,Pepperdine,10214
215,Brandon Bass,USA,Louisiana State,10215
216,Brandon Clarke,Canada,Gonzaga,10216
217,Brandon Davies,USA,Brigham Young,10217
218,Brandon Goodwin,USA,None,10218
219,Brandon Hunter,USA,Ohio,10219
220,Brandon Ingram,USA,Duke,10220
221,Brandon Jennings,USA,None,10221
222,Brandon Knight,USA,Kentucky,10222
223,Brandon Paul,USA,None,10223
224,Brandon Roy,USA,Washington,10224
225,Brandon Rush,USA,Kansas,10225
226,Brandon Sampson,USA,None,10226
227,Brandon Williams,USA,Davidson,10227
228,Brendan Haywood,USA,North Carolina,10228
229,Brent Barry,USA,Oregon State,10229
230,Brent Price,USA,Oklahoma,10230
231,Brent Scott,USA,Rice,10231
232,Brett Szabo,USA,Augustana (SD),10232
233,Brevin Knight,USA,Stanford,10233
234,Brian Bowen II,USA,None,10234
235,Brian Cardinal,USA,Purdue,10235
236,Brian Cook,USA,Illinois,10236
237,Brian Evans,USA,Indiana,10237
238,Brian Grant,USA,Xavier,10238
239,Brian Oliver,USA,Georgia Tech,10239
240,Brian Roberts,USA,Dayton,10240
241,Brian Scalabrine,USA,Southern California,10241
242,Brian Shaw,USA,California-Santa Barbara,10242
243,Brian Skinner,USA,Baylor,10243
244,Briante Weber,USA,Virginia Commonwealth,10244
245,Brice Johnson,USA,North Carolina,10245
246,Britton Johnsen,USA,Utah,10246
247,Brook Lopez,USA,Stanford,10247
248,Brooks Thompson,USA,Oklahoma State,10248
249,Bruce Bowen,USA,Cal State-Fullerton,10249
250,Bruce Brown,USA,Miami,10250
251,Bruno Caboclo,Brazil,None,10251
252,Bruno Fernando,Angola,Maryland,10252
253,Bruno Sundov,Croatia,None,10253
254,Bryant Reeves,USA,Oklahoma State,10254
255,Bryant Stith,USA,Virginia,10255
256,Bryce Cotton,USA,Providence,10256
257,Bryce Dejean-Jones,USA,Iowa State,10257
258,Bryce Drew,USA,Valparaiso,10258
259,Bryn Forbes,USA,Michigan State,10259
260,Bryon Russell,USA,Long Beach State,10260
261,Bubba Wells,USA,Austin Peay,10261
262,Buck Williams,USA,Maryland,10262
263,Buddy Hield,Bahamas,Oklahoma,10263
264,Byron Mullens,USA,Ohio State,10264
265,Byron Scott,USA,Arizona State,10265
266,C.J. Watson,USA,Tennessee,10266
267,C.J. Williams,USA,North Carolina State,10267
268,CJ McCollum,USA,Lehigh,10268
269,CJ Miles,USA,None,10269
270,CJ Wilcox,USA,Washington,10270
271,Cal Bowdler,USA,Old Dominion,10271
272,Calbert Cheaney,USA,Indiana,10272
273,Caleb Martin,USA,None,10273
274,Caleb Swanigan,USA,Purdue,10274
275,Calvin Booth,USA,Penn State,10275
276,Cam Reddish,USA,Duke,10276
277,Cameron Bairstow,Australia,New Mexico,10277
278,Cameron Johnson,USA,North Carolina,10278
279,Cameron Payne,USA,Murray State,10279
280,Cameron Reynolds,USA,None,10280
281,Caris LeVert,USA,Michigan,10281
282,Carl Herrera,USA,Houston,10282
283,Carl Landry,USA,Purdue,10283
284,Carl Thomas,USA,Eastern Michigan,10284
285,Carldell Johnson,USA,Alabama-Birmingham,10285
286,Carlos Arroyo,Puerto Rico,Florida International,10286
287,Carlos Boozer,USA,Duke,10287
288,Carlos Delfino,Argentina,None,10288
289,Carlos Rogers,USA,Tennessee State,10289
290,Carmelo Anthony,USA,Syracuse,10290
291,Caron Butler,USA,Connecticut,10291
292,Carrick Felix,USA,Arizona State,10292
293,Carsen Edwards,USA,Purdue,10293
294,Cartier Martin,USA,Kansas State,10294
295,Casey Jacobsen,USA,Stanford,10295
296,Casey Shaw,USA,Toledo,10296
297,Casper Ware,USA,Long Beach State,10297
298,Cedi Osman,Turkey,None,10298
299,Cedric Bozeman,USA,UCLA,10299
300,Cedric Ceballos,USA,Cal State-Fullerton,10300
301,Cedric Henderson,USA,Memphis,10301
302,Cedric Jackson,USA,Cleveland State,10302
303,Cedric Simmons,USA,North Carolina State,10303
304,Cezary Trybanski,Poland,None,10304
305,Chandler Hutchison,USA,Boise State,10305
306,Chandler Parsons,USA,Florida,10306
307,Channing Frye,USA,Arizona,10307
308,Charles Barkley,USA,Auburn,10308
309,Charles Brown Jr.,USA,None,10309
310,Charles Cooke,USA,University of Dayton,10310
311,Charles Jenkins,USA,Hofstra,10311
312,Charles Jones,USA,Albany State (GA),10312
313,Charles O'Bannon,USA,UCLA,10313
314,Charles Oakley,USA,Virginia Union,10314
315,Charles R. Jones,USA,Long Island-Brooklyn,10315
316,Charles Shackleford,USA,North Carolina State,10316
317,Charles Smith,USA,Pittsburgh,10317
318,Charlie Bell,USA,Michigan State,10318
319,Charlie Villanueva,USA,Connecticut,10319
320,Charlie Ward,USA,Florida State,10320
321,Chase Budinger,USA,Arizona,10321
322,Chasson Randle,USA,Stanford,10322
323,Chauncey Billups,USA,Colorado,10323
324,Cheick Diallo,Mali,Kansas,10324
325,Cheikh Samb,USA,None,10325
326,Cherokee Parks,USA,Duke,10326
327,Chimezie Metu,USA,USC,10327
328,Chinanu Onuaku,USA,Louisville,10328
329,Chris Andersen,USA,Blinn,10329
330,Chris Anstey,USA,None,10330
331,Chris Babb,USA,Iowa State,10331
332,Chris Bosh,USA,Georgia Tech,10332
333,Chris Boucher,Canada,Oregon,10333
334,Chris Carr,USA,Southern Illinois,10334
335,Chris Childs,USA,Boise State,10335
336,Chris Chiozza,USA,None,10336
337,Chris Clemons,USA,None,10337
338,Chris Copeland,USA,Colorado,10338
339,Chris Crawford,USA,Marquette,10339
340,Chris Douglas-Roberts,USA,Memphis,10340
341,Chris Dudley,USA,Yale,10341
342,Chris Duhon,USA,Duke,10342
343,Chris Garner,USA,Memphis,10343
344,Chris Gatling,USA,Old Dominion,10344
345,Chris Herren,USA,Fresno State,10345
346,Chris Hunter,USA,Michigan,10346
347,Chris Jefferies,USA,Fresno State,10347
348,Chris Jent,USA,Ohio State,10348
349,Chris Johnson,USA,Louisiana State,10349
350,Chris Kaman,USA,Central Michigan,10350
351,Chris King,USA,Wake Forest,10351
352,Chris McCray,USA,Maryland,10352
353,Chris McCullough,USA,Syracuse,10353
354,Chris Mihm,USA,Texas,10354
355,Chris Mills,USA,Arizona,10355
356,Chris Morris,USA,Auburn,10356
357,Chris Mullin,USA,St. John's (NY),10357
358,Chris Owens,USA,Texas,10358
359,Chris Paul,USA,Wake Forest,10359
360,Chris Porter,USA,Auburn,10360
361,Chris Quinn,USA,Notre Dame,10361
362,Chris Richard,USA,Florida,10362
363,Chris Robinson,USA,Western Kentucky,10363
364,Chris Silva,Gabon,South Carolina,10364
365,Chris Singleton,USA,Florida State,10365
366,Chris Smith,USA,Louisville,10366
367,Chris Taft,USA,Pittsburgh,10367
368,Chris Webber,USA,Michigan,10368
369,Chris Whitney,USA,Clemson,10369
370,Chris Wilcox,USA,Maryland,10370
371,Chris Wright,USA,Dayton,10371
372,Christian Eyenga,Congo,None,10372
373,Christian Laettner,USA,Duke,10373
374,Christian Wood,USA,Nevada-Las Vegas,10374
375,Chuck Hayes,USA,Kentucky,10375
376,Chuck Person,USA,Auburn,10376
377,Chucky Atkins,USA,South Florida,10377
378,Chucky Brown,USA,North Carolina State,10378
379,Clar. Weatherspoon,USA,Southern Mississippi,10379
380,Cleanthony Early,USA,Wichita State,10380
381,Cliff Alexander,USA,Kansas,10381
382,Clifford Robinson,USA,Connecticut,10382
383,Clifford Rozier,USA,Louisville,10383
384,Clint Capela,Switzerland,None,10384
385,Clyde Drexler,USA,Houston,10385
386,Coby Karl,USA,Boise State,10386
387,Coby White,USA,North Carolina,10387
388,Cody Martin,USA,Nevada-Reno,10388
389,Cody Zeller,USA,Indiana,10389
390,Cole Aldrich,USA,Kansas,10390
391,Collin Sexton,USA,Alabama,10391
392,Corey Beck,USA,Arkansas,10392
393,Corey Benjamin,USA,Oregon State,10393
394,Corey Brewer,USA,Florida,10394
395,Corey Maggette,USA,Duke,10395
396,Corie Blount,USA,Cincinnati,10396
397,Corliss Williamson,USA,Arkansas,10397
398,Corsley Edwards,USA,Central Connecticut State,10398
399,Cory Alexander,USA,Virginia,10399
400,Cory Carr,USA,Texas Tech,10400
401,Cory Higgins,USA,Colorado,10401
402,Cory Jefferson,USA,Baylor,10402
403,Cory Joseph,Canada,Texas,10403
404,Coty Clarke,USA,None,10404
405,Courtney Alexander,USA,Fresno State,10405
406,Courtney Fortson,USA,Arkansas,10406
407,Courtney Lee,USA,Western Kentucky,10407
408,Courtney Sims,USA,Michigan,10408
409,Craig Brackins,USA,Iowa State,10409
410,Craig Ehlo,USA,Washington State,10410
411,Craig Smith,USA,Boston College,10411
412,Cristiano Felicio,Brazil,None,10412
413,Cuonzo Martin,USA,Purdue,10413
414,Curtis Borchardt,USA,Stanford,10414
415,Cuttino Mobley,USA,Rhode Island,10415
416,D'Angelo Russell,USA,Ohio State,10416
417,D.J. Augustin,USA,Texas,10417
418,D.J. Kennedy,USA,St. John's (NY),10418
419,D.J. Wilson,USA,Michigan,10419
420,DJ Mbenga,Democratic Republic of the Congo,None,10420
421,DJ Stephens,USA,Memphis,10421
422,DJ Strawberry,USA,Maryland,10422
423,DJ White,USA,Indiana,10423
424,DaJuan Summers,USA,Georgetown,10424
425,DaQuan Jeffries,USA,None,10425
426,Daequan Cook,USA,Ohio State,10426
427,Dahntay Jones,USA,Duke,10427
428,Dairis Bertans,Latvia,None,10428
429,Dajuan Wagner,USA,Memphis,10429
430,Dakari Johnson,USA,Kentucky,10430
431,Dale Davis,USA,Clemson,10431
432,Dale Ellis,USA,Tennessee,10432
433,Dalibor Bagaric,Croatia,None,10433
434,Damian Jones,USA,Vanderbilt,10434
435,Damian Lillard,USA,Weber State,10435
436,Damien Inglis,France,None,10436
437,Damien Wilkins,USA,Georgia,10437
438,Damion James,USA,Texas,10438
439,Damion Lee,USA,Louisville,10439
440,Damir Markota,USA,None,10440
441,Damjan Rudez,Croatia,None,10441
442,Damon Jones,USA,Houston,10442
443,Damon Stoudamire,USA,Arizona,10443
444,Damone Brown,USA,Syracuse,10444
445,Damyean Dotson,USA,Houston,10445
446,Dan Dickau,USA,Gonzaga,10446
447,Dan Gadzuric,Netherlands,UCLA,10447
448,Dan Langhi,USA,Vanderbilt,10448
449,Dan Majerle,USA,Central Michigan,10449
450,Dan McClintock,USA,Northern Arizona,10450
451,Dan Schayes,USA,Syracuse,10451
452,Dana Barros,USA,Boston College,10452
453,Daniel Ewing,USA,Duke,10453
454,Daniel Gafford,USA,Arkansas,10454
455,Daniel Gibson,USA,Texas,10455
456,Daniel Hamilton,USA,Connecticut,10456
457,Daniel Ochefu,USA,Villanova,10457
458,Daniel Orton,USA,Kentucky,10458
459,Daniel Santiago,Puerto Rico,Saint Vincent,10459
460,Daniel Theis,Germany,None,10460
461,Danilo Gallinari,Italy,None,10461
462,Danny Ferry,USA,Duke,10462
463,Danny Fortson,USA,Cincinnati,10463
464,Danny Granger,USA,New Mexico,10464
465,Danny Green,USA,North Carolina,10465
466,Danny Manning,USA,Kansas,10466
467,Dante Cunningham,USA,Villanova,10467
468,Dante Exum,Australia,None,10468
469,Danuel House,USA,Texas A&M,10469
470,Danuel House Jr.,USA,Texas A&M,10470
471,Darington Hobson,USA,New Mexico,10471
472,Dario Saric,Croatia,None,10472
473,Darius Bazley,USA,None,10473
474,Darius Garland,USA,Vanderbilt,10474
475,Darius Johnson-Odom,USA,Marquette,10475
476,Darius Miles,USA,None,10476
477,Darius Miller,USA,Kentucky,10477
478,Darius Morris,USA,Michigan,10478
479,Darius Songaila,Lithuania,Wake Forest,10479
480,Darius Washington,USA,Memphis,10480
481,Darko Milicic,Serbia,None,10481
482,Darnell Jackson,USA,Kansas,10482
483,Darrell Armstrong,USA,Fayetteville State,10483
484,Darrell Arthur,USA,Kansas,10484
485,Darren Collison,USA,UCLA,10485
486,Darrick Martin,USA,UCLA,10486
487,Darrin Hancock,USA,Kansas,10487
488,Darrun Hilliard,USA,Villanova,10488
489,Darryl Watkins,USA,Syracuse,10489
490,Darvin Ham,USA,Texas Tech,10490
491,Daryl Macon,USA,Arkansas,10491
492,David Andersen,USA,None,10492
493,David Benoit,USA,Alabama,10493
494,David Harrison,USA,Colorado,10494
495,David Lee,USA,Florida,10495
496,David Noel,USA,North Carolina,10496
497,David Nwaba,USA,None,10497
498,David Robinson,USA,Navy,10498
499,David Stockton,USA,Gonzaga,10499
500,David Vanterpool,USA,St. Bonaventure,10500
501,David Vaughn,USA,Memphis,10501
502,David Wear,USA,UCLA,10502
503,David Wesley,USA,Baylor,10503
504,David West,USA,Xavier,10504
505,David Wingate,USA,Georgetown,10505
506,David Wood,USA,Nevada-Reno,10506
507,Davis Bertans,Latvia,None,10507
508,Davon Reed,USA,Miami,10508
509,De'Aaron Fox,USA,Kentucky,10509
510,De'Andre Hunter,USA,Virginia,10510
511,De'Anthony Melton,USA,USC,10511
512,DeAndre Jordan,USA,Texas A&M,10512
513,DeAndre Liggins,USA,Kentucky,10513
514,DeAndre' Bembry,USA,Saint Joseph's,10514
515,DeJuan Blair,USA,Pittsburgh,10515
516,DeJuan Wheat,USA,Louisville,10516
517,DeMar DeRozan,USA,Southern California,10517
518,DeMarco Johnson,USA,North Carolina-Charlotte,10518
519,DeMarcus Cousins,USA,Kentucky,10519
520,DeMarcus Nelson,USA,Duke,10520
521,DeMarre Carroll,USA,Missouri,10521
522,DeQuan Jones,USA,Miami (FL),10522
523,DeSagana Diop,Senegal,None,10523
524,DeShawn Stevenson,USA,None,10524
525,DeVaughn Akoon-Purcell,Trinidad and Tobago,Illinois State,10525
526,Dean Garrett,USA,Indiana,10526
527,Dean Oliver,USA,Iowa,10527
528,Dean Wade,USA,Kansas State,10528
529,Deandre Ayton,Bahamas,Arizona,10529
530,Dedric Willoughby,USA,Iowa State,10530
531,Dee Brown,USA,Jacksonville,10531
532,Dejounte Murray,USA,Washington,10532
533,Dell Curry,USA,Virginia Tech,10533
534,Dell Demps,USA,Pacific,10534
535,Delon Wright,USA,Utah,10535
536,Delonte West,USA,Saint Joseph's,10536
537,Demetris Nichols,USA,Syracuse,10537
538,Demetrius Jackson,USA,Notre Dame,10538
539,Deng Adel,South Sudan,None,10539
540,Deng Gai,Sudan (UK),Fairfield,10540
541,Dennis Horner,USA,North Carolina State,10541
542,Dennis Rodman,USA,Southeastern Oklahoma State,10542
543,Dennis Schroder,Germany,None,10543
544,Dennis Scott,USA,Georgia Tech,10544
545,Dennis Smith Jr.,USA,North Carolina State,10545
546,Denzel Valentine,USA,Michigan State,10546
547,Deonte Burton,USA,Iowa State,10547
548,DerMarr Johnson,USA,Cincinnati,10548
549,Derek Anderson,USA,Kentucky,10549
550,Derek Fisher,USA,Arkansas-Little Rock,10550
551,Derek Grimm,USA,Missouri,10551
552,Derek Harper,USA,Illinois,10552
553,Derek Hood,USA,Arkansas,10553
554,Derek Strong,USA,Xavier,10554
555,Deron Williams,USA,Illinois,10555
556,Derrick Alston,USA,Duquesne,10556
557,Derrick Brown,USA,Xavier,10557
558,Derrick Byars,USA,Vanderbilt,10558
559,Derrick Caracter,USA,Texas-El Paso,10559
560,Derrick Coleman,USA,Syracuse,10560
561,Derrick Dial,USA,Eastern Michigan,10561
562,Derrick Favors,USA,Georgia Tech,10562
563,Derrick Jones Jr.,USA,Nevada-Las Vegas,10563
564,Derrick McKey,USA,Alabama,10564
565,Derrick Rose,USA,Memphis,10565
566,Derrick Walton Jr.,USA,Michigan,10566
567,Derrick White,USA,Colorado,10567
568,Derrick Williams,USA,Arizona,10568
569,Derrick Zimmerman,USA,Mississippi State,10569
570,Desmon Farmer,USA,Southern California,10570
571,Desmond Ferguson,USA,Detroit Mercy,10571
572,Desmond Mason,USA,Oklahoma State,10572
573,Desmond Penigar,USA,Utah State,10573
574,Detlef Schrempf,USA,Washington,10574
575,Devean George,USA,Augsburg,10575
576,Devin Booker,USA,Kentucky,10576
577,Devin Brown,USA,Texas-San Antonio,10577
578,Devin Ebanks,USA,West Virginia,10578
579,Devin Gray,USA,Clemson,10579
580,Devin Green,USA,Hampton,10580
581,Devin Harris,USA,Wisconsin,10581
582,Devin Robinson,USA,Florida,10582
583,Devon Hall,USA,Virginia,10583
584,Devonte' Graham,USA,Kansas,10584
585,Devyn Marble,USA,Iowa,10585
586,Dewan Hernandez,USA,Miami,10586
587,Dewayne Dedmon,USA,Southern California,10587
588,Dexter Boney,USA,Nevada-Las Vegas,10588
589,Dexter Pittman,USA,Texas,10589
590,Deyonta Davis,USA,Michigan State,10590
591,Diamond Stone,USA,Maryland,10591
592,Diante Garrett,USA,Iowa State,10592
593,Dickey Simpkins,USA,Providence,10593
594,Dijon Thompson,USA,UCLA,10594
595,Dikembe Mutombo,Congo,Georgetown,10595
596,Dillon Brooks,Canada,Oregon,10596
597,Dino Radja,USA,None,10597
598,Dion Glover,USA,Georgia Tech,10598
599,Dion Waiters,USA,Syracuse,10599
600,Dionte Christmas,USA,Temple,10600
601,Dirk Nowitzki,Germany,None,10601
602,Domantas Sabonis,Lithuania,Gonzaga,10602
603,Dominic McGuire,USA,Fresno State,10603
604,Dominique Jones,USA,South Florida,10604
605,Dominique Wilkins,USA,Georgia,10605
606,Don MacLean,USA,UCLA,10606
607,Don Reid,USA,Georgetown,10607
608,Donald Royal,USA,Notre Dame,10608
609,Donald Sloan,USA,Texas A&M,10609
610,Donald Whiteside,USA,Northern Illinois,10610
611,Donatas Motiejunas,Lithuania,None,10611
612,Donell Taylor,USA,Alabama-Birmingham,10612
613,Donnell Harvey,USA,Florida,10613
614,Donnie Boyce,USA,Colorado,10614
615,Donny Marshall,USA,Connecticut,10615
616,Donovan Mitchell,USA,Louisville,10616
617,Donta Hall,USA,None,10617
618,Donta Smith,USA,Southeastern Illinois,10618
619,Dontae' Jones,USA,Mississippi State,10619
620,Donte DiVincenzo,USA,Villanova,10620
621,Donte Grantham,USA,Clemson,10621
622,Donte Greene,USA,Syracuse,10622
623,Dontell Jefferson,USA,Arkansas,10623
624,Dontonio Wingfield,USA,Cincinnati,10624
625,Donyell Marshall,USA,Connecticut,10625
626,Dorell Wright,USA,None,10626
627,Dorian Finney-Smith,USA,Florida,10627
628,Doron Lamb,USA,Kentucky,10628
629,Doug Christie,USA,Pepperdine,10629
630,Doug McDermott,USA,Creighton,10630
631,Doug Overton,USA,La Salle,10631
632,Doug West,USA,Villanova,10632
633,Dragan Bender,Croatia,None,10633
634,Dragan Tarlac,USA,None,10634
635,Draymond Green,USA,Michigan State,10635
636,Drew Barry,USA,Georgia Tech,10636
637,Drew Eubanks,USA,None,10637
638,Drew Gooden,USA,Kansas,10638
639,Drew Gordon,USA,New Mexico,10639
640,Duane Causwell,USA,Temple,10640
641,Duane Ferrell,USA,Georgia Tech,10641
642,Duje Dukan,Croatia,Wisconsin,10642
643,Duncan Robinson,USA,Michigan,10643
644,Dusty Hannahs,USA,Arkansas,10644
645,Dwayne Bacon,USA,Florida State,10645
646,Dwayne Jones,USA,Saint Joseph's,10646
647,Dwayne Schintzius,USA,Florida,10647
648,Dwight Buycks,USA,Marquette,10648
649,Dwight Howard,USA,None,10649
650,Dwight Powell,Canada,Stanford,10650
651,Dwyane Wade,USA,Marquette,10651
652,Dzanan Musa,Bosnia and Herzegovina,None,10652
653,E'Twaun Moore,USA,Purdue,10653
654,Earl Barron,USA,Memphis,10654
655,Earl Boykins,USA,Eastern Michigan,10655
656,Earl Clark,USA,Louisville,10656
657,Earl Cureton,USA,Detroit Mercy,10657
658,Earl Watson,USA,UCLA,10658
659,Ed Davis,USA,North Carolina,10659
660,Ed Gray,USA,California,10660
661,Ed O'Bannon,USA,UCLA,10661
662,Ed Pinckney,USA,Villanova,10662
663,Ed Stokes,USA,Arizona,10663
664,Eddie Basden,USA,North Carolina-Charlotte,10664
665,Eddie Gill,USA,Weber State,10665
666,Eddie Griffin,USA,Seton Hall,10666
667,Eddie House,USA,Arizona State,10667
668,Eddie Johnson,USA,Illinois,10668
669,Eddie Jones,USA,Temple,10669
670,Eddie Robinson,USA,Central Oklahoma,10670
671,Eddy Curry,USA,None,10671
672,Edmond Sumner,USA,Xavier,10672
673,Eduardo Najera,Mexico,Oklahoma,10673
674,Edwin Ubiles,Puerto Rico,Siena,10674
675,Edy Tavares,Cabo Verde,None,10675
676,Efthimios Rentzias,Greece,None,10676
677,Ekpe Udoh,USA,Baylor,10677
678,Elden Campbell,USA,Clemson,10678
679,Eldridge Recasner,USA,Washington,10679
680,Elfrid Payton,USA,Louisiana-Lafayette,10680
681,Elias Harris,Germany,Gonzaga,10681
682,Elie Okobo,France,None,10682
683,Elijah Millsap,USA,Alabama-Birmingham,10683
684,Elliot Perry,USA,Memphis,10684
685,Elliot Williams,USA,Memphis,10685
686,Elmer Bennett,USA,Notre Dame,10686
687,Elmore Spencer,USA,Nevada-Las Vegas,10687
688,Elton Brand,USA,Duke,10688
689,Emanual Davis,USA,Delaware State,10689
690,Emanuel Terry,USA,None,10690
691,Emeka Okafor,USA,Connecticut,10691
692,Emmanuel Mudiay,Democratic Republic of the Congo,None,10692
693,Enes Kanter,Turkey,Kentucky,10693
694,Ennis Whatley,USA,Alabama,10694
695,Eric Bledsoe,USA,Kentucky,10695
696,Eric Dawson,USA,Midwestern State,10696
697,Eric Gordon,USA,Indiana,10697
698,Eric Leckner,USA,Wyoming,10698
699,Eric Maynor,USA,Virginia Commonwealth,10699
700,Eric Mika,USA,None,10700
701,Eric Mobley,USA,Pittsburgh,10701
702,Eric Montross,USA,North Carolina,10702
703,Eric Moreland,USA,Oregon State,10703
704,Eric Murdock,USA,Providence,10704
705,Eric Paschall,USA,Villanova,10705
706,Eric Piatkowski,USA,Nebraska,10706
707,Eric Riley,USA,Michigan,10707
708,Eric Snow,USA,Michigan State,10708
709,Eric Washington,USA,Alabama,10709
710,Eric Williams,USA,Providence,10710
711,Erick Barkley,USA,St. John's (NY),10711
712,Erick Dampier,USA,Mississippi State,10712
713,Erick Green,USA,Virginia Tech,10713
714,Erick Strickland,USA,Nebraska,10714
715,Erik Daniels,USA,Kentucky,10715
716,Erik McCree,USA,Louisiana Tech,10716
717,Erik Murphy,USA,Florida,10717
718,Ernest Brown,USA,Indian Hills Community College,10718
719,Ersan Ilyasova,Turkey,None,10719
720,Ervin Johnson,USA,New Orleans,10720
721,Esteban Batista,Uruguay,None,10721
722,Etan Thomas,USA,Syracuse,10722
723,Etdrick Bohannon,USA,Auburn-Montgomery,10723
724,Evan Eschmeyer,USA,Northwestern,10724
725,Evan Fournier,France,None,10725
726,Evan Turner,USA,Ohio State,10726
727,Evric Gray,USA,Nevada-Las Vegas,10727
728,Fab Melo,Brazil,Syracuse,10728
729,Fabricio Oberto,Argentina,None,10729
730,Felipe Lopez,Dominican Republic,St. John's (NY),10730
731,Felton Spencer,USA,Louisville,10731
732,Festus Ezeli,Nigeria,Vanderbilt,10732
733,Flip Murray,USA,Shaw,10733
734,Francisco Elson,Netherlands,California,10734
735,Francisco Garcia,Dominican Republic,Louisville,10735
736,Frank Brickowski,USA,Penn State,10736
737,Frank Jackson,USA,Duke,10737
738,Frank Kaminsky,USA,Wisconsin,10738
739,Frank Mason,USA,Kansas,10739
740,Frank Ntilikina,France,None,10740
741,Frank Williams,USA,Illinois,10741
742,Frankie King,USA,Western Carolina,10742
743,Fred Hoiberg,USA,Iowa State,10743
744,Fred Jones,USA,Oregon,10744
745,Fred Roberts,USA,Brigham Young,10745
746,Fred VanVleet,USA,Wichita State,10746
747,Fred Vinson,USA,Georgia Tech,10747
748,Furkan Aldemir,Turkey,None,10748
749,Furkan Korkmaz,Turkey,None,10749
750,Gabe Pruitt,USA,Southern California,10750
751,Gabe Vincent,USA,Cal-Santa Barbara,10751
752,Gal Mekel,Israel,Wichita State,10752
753,Gani Lawal,USA,Georgia Tech,10753
754,Garret Siler,USA,Augusta State,10754
755,Garrett Temple,USA,Louisiana State,10755
756,Garrison Mathews,USA,None,10756
757,Garth Joseph,USA,Saint Rose,10757
758,Gary Clark,USA,None,10758
759,Gary Forbes,Panama,Massachusetts,10759
760,Gary Grant,USA,Michigan,10760
761,Gary Harris,USA,Michigan State,10761
762,Gary Neal,USA,Towson,10762
763,Gary Payton,USA,Oregon State,10763
764,Gary Payton II,USA,Oregon State,10764
765,Gary Trent,USA,Ohio,10765
766,Gary Trent Jr.,USA,None,10766
767,Gaylon Nickerson,USA,Northwestern Oklahoma,10767
768,Geno Carlisle,USA,California,10768
769,George Hill,USA,Indiana Purdue-Indianapolis,10769
770,George King,USA,University of Colorado Boulder,10770
771,George Lynch,USA,North Carolina,10771
772,George McCloud,USA,Florida State,10772
773,George Zidek,USA,UCLA,10773
774,Georges Niang,USA,Iowa State,10774
775,Georgios Papagiannis,Greece,None,10775
776,Gerald Brown,USA,Pepperdine,10776
777,Gerald Fitch,USA,Kentucky,10777
778,Gerald Green,USA,None,10778
779,Gerald Henderson,USA,Duke,10779
780,Gerald Madkins,USA,UCLA,10780
781,Gerald Wallace,USA,Alabama,10781
782,Gerald Wilkins,USA,Tennessee-Chattanooga,10782
783,Gerard King,USA,Nicholls State,10783
784,Gheorghe Muresan,USA,None,10784
785,Gian Clavell,Puerto Rico,Colorado State,10785
786,Giannis Antetokounmpo,Greece,None,10786
787,Gigi Datome,Italy,None,10787
788,Gilbert Arenas,USA,Arizona,10788
789,Glen Davis,USA,Louisiana State,10789
790,Glen Rice,USA,Michigan,10790
791,Glenn Robinson,USA,Purdue,10791
792,Glenn Robinson III,USA,Michigan,10792
793,God Shammgod,USA,Providence,10793
794,Goga Bitadze,Georgia,None,10794
795,Goran Dragic,Slovenia,None,10795
796,Gordan Giricek,Croatia,None,10796
797,Gordon Hayward,USA,Butler,10797
798,Gorgui Dieng,Senegal,Louisville,10798
799,Grant Hill,USA,Duke,10799
800,Grant Jerrett,USA,Arizona,10800
801,Grant Long,USA,Eastern Michigan,10801
802,Grant Williams,USA,Tennessee,10802
803,Grayson Allen,USA,Duke,10803
804,Greg Anderson,USA,Houston,10804
805,Greg Anthony,USA,Nevada-Las Vegas,10805
806,Greg Buckner,USA,Clemson,10806
807,Greg Dreiling,USA,Kansas,10807
808,Greg Foster,USA,Texas-El Paso,10808
809,Greg Graham,USA,Indiana,10809
810,Greg Minor,USA,Louisville,10810
811,Greg Monroe,USA,Georgetown,10811
812,Greg Oden,USA,Ohio State,10812
813,Greg Ostertag,USA,Kansas,10813
814,Greg Smith,USA,Fresno State,10814
815,Greg Stiemsma,USA,Wisconsin,10815
816,Greivis Vasquez,Venezuela,Maryland,10816
817,Guerschon Yabusele,France,None,10817
818,Guillermo Diaz,USA,Miami (FL),10818
819,Gustavo Ayon,Mexico,None,10819
820,Guy Rucker,USA,Iowa,10820
821,Ha Ha,South Korea,Yonsei (KOR),10821
822,Hakeem Olajuwon,Nigeria,Houston,10822
823,Hakim Warrick,USA,Syracuse,10823
824,Hamady Ndiaye,Senegal,Rutgers,10824
825,Hamed Haddadi,Iran,None,10825
826,Hamidou Diallo,USA,Kentucky,10826
827,Hanno Mottola,Finland,Utah,10827
828,Harold Ellis,USA,Morehouse,10828
829,Harold Jamison,USA,Clemson,10829
830,Harrison Barnes,USA,North Carolina,10830
831,Harry Giles III,USA,Duke,10831
832,Harvey Grant,USA,Oklahoma,10832
833,Hasheem Thabeet,Tanzania,Connecticut,10833
834,Hassan Adams,USA,Arizona,10834
835,Hassan Whiteside,USA,Marshall,10835
836,Haywood Highsmith,USA,None,10836
837,Haywoode Workman,USA,Oral Roberts,10837
838,Hedo Turkoglu,Turkey,None,10838
839,Henry Ellenson,USA,Marquette,10839
840,Henry James,USA,St. Mary's (TX),10840
841,Henry Sims,USA,Georgetown,10841
842,Henry Walker,USA,Kansas State,10842
843,Herb Williams,USA,Ohio State,10843
844,Hersey Hawkins,USA,Bradley,10844
845,Hilton Armstrong,USA,Connecticut,10845
846,Hiram Fuller,USA,Fresno State,10846
847,Hollis Thompson,USA,Georgetown,10847
848,Horace Grant,USA,Clemson,10848
849,Horace Jenkins,USA,William Paterson,10849
850,Horacio Llamas,USA,Grand Canyon,10850
851,Hot Rod Williams,USA,Tulane,10851
852,Howard Eisley,USA,Boston College,10852
853,Hubert Davis,USA,North Carolina,10853
854,Ian Clark,USA,Belmont,10854
855,Ian Mahinmi,France,None,10855
856,Ibrahim Kutluay,USA,None,10856
857,Ignas Brazdeikis,Lithuania,Michigan,10857
858,Igor Rakocevic,Serbia and Montenegro,None,10858
859,Ike Anigbogu,USA,UCLA,10859
860,Ike Austin,USA,Arizona State,10860
861,Ike Diogu,USA,Arizona State,10861
862,Ike Fontaine,USA,Washington State,10862
863,Iman Shumpert,USA,Georgia Tech,10863
864,Ime Udoka,USA,Portland State,10864
865,Ira Bowman,USA,Pennsylvania,10865
866,Ira Newble,USA,Miami (OH),10866
867,Isaac Bonga,Germany,None,10867
868,Isaac Humphries,Australia,Kentucky,10868
869,Isaiah Briscoe,USA,None,10869
870,Isaiah Canaan,USA,Murray State,10870
871,Isaiah Hartenstein,Germany,None,10871
872,Isaiah Hicks,USA,North Carolina,10872
873,Isaiah Rider,USA,Nevada-Las Vegas,10873
874,Isaiah Roby,USA,University of Nebraska-Lincoln,10874
875,Isaiah Taylor,USA,Texas,10875
876,Isaiah Thomas,USA,Washington,10876
877,Isaiah Whitehead,USA,Seton Hall,10877
878,Ish Smith,USA,Wake Forest,10878
879,Ivan Johnson,USA,Cal State-San Bernardino,10879
880,Ivan McFarlin,USA,Oklahoma State,10880
881,Ivan Rabb,USA,"University of California, Berkeley",10881
882,Ivano Newbill,USA,Georgia Tech,10882
883,Ivica Zubac,Croatia,None,10883
884,J.J. Barea,Puerto Rico,Northeastern,10884
885,J.P. Macura,USA,Xavier,10885
886,J.R. Bremer,USA,St. Bonaventure,10886
887,J.R. Giddens,USA,New Mexico,10887
888,J.R. Henderson,USA,UCLA,10888
889,J.R. Reid,USA,North Carolina,10889
890,JJ Hickson,USA,North Carolina State,10890
891,JJ O'Brien,USA,San Diego State,10891
892,JJ Redick,USA,Duke,10892
893,JR Smith,USA,None,10893
894,Ja Morant,USA,Murray State,10894
895,JaJuan Johnson,USA,Purdue,10895
896,JaKarr Sampson,USA,St. John's (NY),10896
897,JaMychal Green,USA,Alabama,10897
898,JaVale McGee,USA,Nevada,10898
899,Jabari Bird,USA,California,10899
900,Jabari Brown,USA,Missouri,10900
901,Jabari Parker,USA,Duke,10901
902,Jabari Smith,USA,Louisiana State,10902
903,Jack Cooley,USA,Notre Dame,10903
904,Jack Haley,USA,UCLA,10904
905,Jackie Butler,USA,Southern Illinois,10905
906,Jackson Vroman,USA,Iowa State,10906
907,Jacob Evans,USA,Cincinnati,10907
908,Jacob Pullen,USA,Kansas State,10908
909,Jacob Wiley,USA,Eastern Washington,10909
910,Jacque Vaughn,USA,Kansas,10910
911,Jae Crowder,USA,Marquette,10911
912,Jahidi White,USA,Georgetown,10912
913,Jahlil Okafor,USA,Duke,10913
914,Jake Layman,USA,Maryland,10914
915,Jake Tsakalidis,Greece,None,10915
916,Jake Voskuhl,USA,Connecticut,10916
917,Jakob Poeltl,Austria,Utah,10917
918,Jalen Brunson,USA,Villanova,10918
919,Jalen Jones,USA,Texas A&M,10919
920,Jalen Lecque,USA,None,10920
921,Jalen McDaniels,USA,San Diego State,10921
922,Jalen Rose,USA,Michigan,10922
923,Jamaal Franklin,USA,San Diego State,10923
924,Jamaal Magloire,Canada,Kentucky,10924
925,Jamaal Tinsley,USA,Iowa State,10925
926,Jamal Crawford,USA,Michigan,10926
927,Jamal Mashburn,USA,Kentucky,10927
928,Jamal Murray,Canada,Kentucky,10928
929,Jamal Robinson,USA,Virginia,10929
930,Jamal Sampson,USA,California,10930
931,Jamario Moon,USA,Meridian Community College,10931
932,Jameel Warney,USA,"Stony Brook, N.Y.",10932
933,Jameer Nelson,USA,Saint Joseph's,10933
934,Jamel Artis,USA,Pittsburgh,10934
935,Jamel Thomas,USA,Providence,10935
936,James Anderson,USA,Oklahoma State,10936
937,James Augustine,USA,Illinois,10937
938,James Collins,USA,Florida State,10938
939,James Cotton,USA,Long Beach State,10939
940,James Ennis III,USA,Long Beach State,10940
941,James Harden,USA,Arizona State,10941
942,James Johnson,USA,Wake Forest,10942
943,James Jones,USA,Miami (FL),10943
944,James Lang,USA,None,10944
945,James Michael McAdoo,USA,North Carolina,10945
946,James Nunnally,USA,California-Santa Barbara,10946
947,James Posey,USA,Xavier,10947
948,James Robinson,USA,Alabama,10948
949,James Scott,USA,St. John's (NY),10949
950,James Singleton,USA,Murray State,10950
951,James Southerland,USA,Syracuse,10951
952,James Thomas,USA,Texas,10952
953,James Webb III,USA,Boise State,10953
954,James White,USA,Cincinnati,10954
955,James Young,USA,Kentucky,10955
956,JamesOn Curry,USA,Oklahoma State,10956
957,Jamie Feick,USA,Michigan State,10957
958,Jamie Watson,USA,South Carolina,10958
959,Jamil Wilson,USA,Marquette,10959
960,Jamison Brewer,USA,Auburn,10960
961,Jan Vesely,Czech Republic,None,10961
962,Jannero Pargo,USA,Arkansas,10962
963,Jared Cunningham,USA,Oregon State,10963
964,Jared Dudley,USA,Boston College,10964
965,Jared Harper,USA,None,10965
966,Jared Jeffries,USA,Indiana,10966
967,Jared Reiner,USA,Iowa,10967
968,Jared Sullinger,USA,Ohio State,10968
969,Jared Terrell,USA,Rhode Island,10969
970,Jarell Eddie,USA,Virginia Tech,10970
971,Jarell Martin,USA,Louisiana State,10971
972,Jaren Jackson,USA,Georgetown,10972
973,Jaren Jackson Jr.,USA,Michigan State,10973
974,Jarnell Stokes,USA,Tennessee,10974
975,Jaron Blossomgame,USA,Clemson,10975
976,Jarred Vanderbilt,USA,Kentucky,10976
977,Jarrell Brantley,USA,College of Charleston,10977
978,Jarrett Allen,USA,Texas,10978
979,Jarrett Culver,USA,Texas Tech,10979
980,Jarrett Jack,USA,Georgia Tech,10980
981,Jarrod Uthoff,USA,Iowa,10981
982,Jarron Collins,USA,Stanford,10982
983,Jarvis Hayes,USA,Georgia,10983
984,Jarvis Varnado,USA,Mississippi State,10984
985,Jason Caffey,USA,Alabama,10985
986,Jason Collier,USA,Georgia Tech,10986
987,Jason Collins,USA,Stanford,10987
988,Jason Hart,USA,Syracuse,10988
989,Jason Kapono,USA,UCLA,10989
990,Jason Kidd,USA,California,10990
991,Jason Lawson,USA,Villanova,10991
992,Jason Maxiell,USA,Cincinnati,10992
993,Jason Miskiri,USA,George Mason,10993
994,Jason Richardson,USA,Michigan State,10994
995,Jason Sasser,USA,Texas Tech,10995
996,Jason Smith,USA,Colorado State,10996
997,Jason Terry,USA,Arizona,10997
998,Jason Thompson,USA,Rider,10998
999,Jason Williams,USA,Florida,10999
1000,Javaris Crittenton,USA,Georgia Tech,11000
1001,Javonte Green,USA,Radford University,11001
1002,Jawad Williams,USA,North Carolina,11002
1003,Jawun Evans,USA,Oklahoma State,11003
1004,Jaxson Hayes,USA,Texas,11004
1005,Jay Williams,USA,Duke,11005
1006,Jaylen Adams,USA,St. Bonaventure,11006
1007,Jaylen Brown,USA,California,11007
1008,Jaylen Hoard,France,None,11008
1009,Jaylen Morris,USA,Molloy,11009
1010,Jaylen Nowell,USA,Washington,11010
1011,Jayson Tatum,USA,Duke,11011
1012,Jayson Williams,USA,St. John's (NY),11012
1013,Jeff Adrien,USA,Connecticut,11013
1014,Jeff Ayres,USA,Arizona State,11014
1015,Jeff Foote,USA,Cornell,11015
1016,Jeff Foster,USA,Texas State,11016
1017,Jeff Grayer,USA,Iowa State,11017
1018,Jeff Green,USA,Georgetown,11018
1019,Jeff Hornacek,USA,Iowa State,11019
1020,Jeff McInnis,USA,North Carolina,11020
1021,Jeff Nordgaard,USA,Wisconsin-Green Bay,11021
1022,Jeff Sheppard,USA,Kentucky,11022
1023,Jeff Teague,USA,Wake Forest,11023
1024,Jeff Trepagnier,USA,Southern California,11024
1025,Jeff Withey,USA,Kansas,11025
1026,Jeffery Taylor,Sweden,Vanderbilt,11026
1027,Jelani McCoy,USA,UCLA,11027
1028,Jemerrio Jones,USA,None,11028
1029,Jerald Honeycutt,USA,Tulane,11029
1030,Jerami Grant,USA,Syracuse,11030
1031,Jerel McNeal,USA,Marquette,11031
1032,Jeremiah Martin,USA,Memphis,11032
1033,Jeremy Evans,USA,Western Kentucky,11033
1034,Jeremy Lamb,USA,Connecticut,11034
1035,Jeremy Lin,USA,Harvard,11035
1036,Jeremy Pargo,USA,Gonzaga,11036
1037,Jeremy Richardson,USA,Delta State,11037
1038,Jeremy Tyler,USA,None,11038
1039,Jerian Grant,USA,Notre Dame,11039
1040,Jermaine Jackson,USA,Detroit Mercy,11040
1041,Jermaine O'Neal,USA,None,11041
1042,Jermaine Taylor,USA,Central Florida,11042
1043,Jermareo Davidson,USA,Alabama,11043
1044,Jerome Allen,USA,Pennsylvania,11044
1045,Jerome Beasley,USA,North Dakota,11045
1046,Jerome Dyson,USA,Connecticut,11046
1047,Jerome James,USA,Florida A&M,11047
1048,Jerome Jordan,Jamaica,Tulsa,11048
1049,Jerome Kersey,USA,Longwood,11049
1050,Jerome Moiso,France,UCLA,11050
1051,Jerome Robinson,USA,Boston College,11051
1052,Jerome Williams,USA,Georgetown,11052
1053,Jerrelle Benimon,USA,None,11053
1054,Jerry Smith,USA,Louisville,11054
1055,Jerry Stackhouse,USA,North Carolina,11055
1056,Jerryd Bayless,USA,Arizona,11056
1057,Jeryl Sasser,USA,Southern Methodist,11057
1058,Jevon Carter,USA,West Virginia,11058
1059,Jim Jackson,USA,Ohio State,11059
1060,Jim McIlvaine,USA,Marquette,11060
1061,Jimmer Fredette,USA,Brigham Young,11061
1062,Jimmy Butler,USA,Marquette,11062
1063,Jimmy Carruth,USA,Virginia Tech,11063
1064,Jimmy King,USA,Michigan,11064
1065,Jimmy Oliver,USA,Purdue,11065
1066,Jiri Welsch,Czech Republic,None,11066
1067,Joakim Noah,USA,Florida,11067
1068,Jodie Meeks,USA,Kentucky,11068
1069,Joe Alexander,USA,West Virginia,11069
1070,Joe Chealey,USA,College of Charleston,11070
1071,Joe Courtney,USA,Southern Mississippi,11071
1072,Joe Crawford,USA,Kentucky,11072
1073,Joe Crispin,USA,Penn State,11073
1074,Joe Dumars,USA,McNeese State,11074
1075,Joe Harris,USA,Virginia,11075
1076,Joe Ingles,Australia,None,11076
1077,Joe Johnson,USA,Arkansas,11077
1078,Joe Kleine,USA,Arkansas,11078
1079,Joe Smith,USA,Maryland,11079
1080,Joe Stephens,USA,Arkansas-Little Rock,11080
1081,Joe Wolf,USA,North Carolina,11081
1082,Joe Young,USA,Oregon,11082
1083,Joel Anthony,Canada,Nevada-Las Vegas,11083
1084,Joel Bolomboy,Ukraine,Weber State,11084
1085,Joel Embiid,Cameroon,Kansas,11085
1086,Joel Freeland,Great Britain,None,11086
1087,Joel Przybilla,USA,Minnesota,11087
1088,Joey Dorsey,USA,Memphis,11088
1089,Joey Graham,USA,Oklahoma State,11089
1090,Joffrey Lauvergne,France,None,11090
1091,Johan Petro,France,None,11091
1092,John Amaechi,England,Penn State,11092
1093,John Celestand,USA,Villanova,11093
1094,John Coker,USA,Boise State,11094
1095,John Collins,USA,Wake Forest,11095
1096,John Crotty,USA,Virginia,11096
1097,John Edwards,USA,Kent State,11097
1098,John Henson,USA,North Carolina,11098
1099,John Holland,USA,Boston U.,11099
1100,John Jenkins,USA,Vanderbilt,11100
1101,John Konchar,USA,None,11101
1102,John Long,USA,Detroit Mercy,11102
1103,John Lucas III,USA,Oklahoma State,11103
1104,John Salley,USA,Georgia Tech,11104
1105,John Salmons,USA,Miami (FL),11105
1106,John Starks,USA,Oklahoma State,11106
1107,John Stockton,USA,Gonzaga,11107
1108,John Thomas,USA,Minnesota,11108
1109,John Wall,USA,Kentucky,11109
1110,John Wallace,USA,Syracuse,11110
1111,Johnathan Motley,USA,Baylor,11111
1112,Johnathan Williams,USA,Gonzaga,11112
1113,Johnny Newman,USA,Richmond,11113
1114,Johnny O'Bryant III,USA,Louisiana State,11114
1115,Johnny Taylor,USA,Tennessee-Chattanooga,11115
1116,Jon Barry,USA,Georgia Tech,11116
1117,Jon Brockman,USA,Washington,11117
1118,Jon Leuer,USA,Wisconsin,11118
1119,Jonah Bolden,Australia,None,11119
1120,Jonas Jerebko,Sweden,None,11120
1121,Jonas Valanciunas,Lithuania,None,11121
1122,Jonathan Bender,USA,None,11122
1123,Jonathan Gibson,USA,New Mexico State,11123
1124,Jonathan Isaac,USA,Florida State,11124
1125,Jonathan Kerner,USA,East Carolina,11125
1126,Jonathon Simmons,USA,Houston,11126
1127,Jonny Flynn,USA,Syracuse,11127
1128,Jordan Adams,USA,UCLA,11128
1129,Jordan Bell,USA,Oregon,11129
1130,Jordan Bone,USA,Tennessee,11130
1131,Jordan Clarkson,USA,Missouri,11131
1132,Jordan Crawford,USA,Xavier,11132
1133,Jordan Farmar,USA,UCLA,11133
1134,Jordan Hamilton,USA,Texas,11134
1135,Jordan Hill,USA,Arizona,11135
1136,Jordan Loyd,USA,None,11136
1137,Jordan McLaughlin,USA,USC,11137
1138,Jordan McRae,USA,Tennessee,11138
1139,Jordan Mickey,USA,Louisiana State,11139
1140,Jordan Poole,USA,Michigan,11140
1141,Jordan Sibert,USA,University of Dayton,11141
1142,Jordan Williams,USA,Maryland,11142
1143,Jorge Garbajosa,USA,None,11143
1144,Jorge Gutierrez,Mexico,California-Berkeley,11144
1145,Jose Calderon,Spain,None,11145
1146,Joseph Forte,USA,North Carolina,11146
1147,Josh Akognon,USA,Cal State-Fullerton,11147
1148,Josh Boone,USA,Connecticut,11148
1149,Josh Childress,USA,Stanford,11149
1150,Josh Davis,USA,Wyoming,11150
1151,Josh Gray,USA,None,11151
1152,Josh Harrellson,USA,Kentucky,11152
1153,Josh Hart,USA,Villanova,11153
1154,Josh Howard,USA,Wake Forest,11154
1155,Josh Huestis,USA,Stanford,11155
1156,Josh Jackson,USA,Kansas,11156
1157,Josh Magette,USA,Alabama Huntsville,11157
1158,Josh McRoberts,USA,Duke,11158
1159,Josh Okogie,Nigeria,Georgia Institute of Technology,11159
1160,Josh Powell,USA,North Carolina State,11160
1161,Josh Reaves,USA,Penn State,11161
1162,Josh Richardson,USA,Tennessee,11162
1163,Josh Selby,USA,Kansas,11163
1164,Josh Smith,USA,None,11164
1165,Jrue Holiday,USA,UCLA,11165
1166,Juan Carlos Navarro,Spain,None,11166
1167,Juan Dixon,USA,Maryland,11167
1168,Juan Toscano-Anderson,USA,None,11168
1169,Juancho Hernangomez,Spain,None,11169
1170,Juaquin Hawkins,USA,Long Beach State,11170
1171,Jud Buechler,USA,Arizona,11171
1172,Julian Washburn,USA,Texas-El Paso,11172
1173,Julian Wright,USA,Kansas,11173
1174,Julius Hodge,USA,North Carolina State,11174
1175,Julius Randle,USA,Kentucky,11175
1176,Julyan Stone,USA,Texas-El Paso,11176
1177,Jumaine Jones,USA,Georgia,11177
1178,Junior Harrington,USA,Wingate,11178
1179,Justin Anderson,USA,Virginia,11179
1180,Justin Dentmon,USA,Washington,11180
1181,Justin Hamilton,USA,Louisiana State,11181
1182,Justin Harper,USA,Richmond,11182
1183,Justin Holiday,USA,Washington,11183
1184,Justin Jackson,USA,North Carolina,11184
1185,Justin James,USA,Wyoming,11185
1186,Justin Patton,USA,Creighton,11186
1187,Justin Reed,USA,Mississippi,11187
1188,Justin Robinson,USA,None,11188
1189,Justin Williams,USA,Wyoming,11189
1190,Justin Wright-Foreman,USA,Hofstra,11190
1191,Justise Winslow,USA,Duke,11191
1192,Jusuf Nurkic,Bosnia & Herzegovina,None,11192
1193,Juwan Howard,USA,Michigan,11193
1194,Juwan Morgan,USA,Indiana,11194
1195,KJ McDaniels,USA,Clemson,11195
1196,KZ Okpala,USA,Stanford,11196
1197,Kadeem Allen,USA,Arizona,11197
1198,Kalin Lucas,USA,Michigan State,11198
1199,Kaniel Dickens,USA,Idaho,11199
1200,Kareem Rush,USA,Missouri,11200
1201,Karl Malone,USA,Louisiana Tech,11201
1202,Karl-Anthony Towns,USA,Kentucky,11202
1203,Kasib Powell,USA,Texas Tech,11203
1204,Kawhi Leonard,USA,San Diego State,11204
1205,Kay Felder,USA,None,11205
1206,Kebu Stewart,USA,Cal State-Bakersfield,11206
1207,Kedrick Brown,USA,Northwest Florida State,11207
1208,Keita Bates-Diop,USA,Ohio State,11208
1209,Keith Appling,USA,Michigan State,11209
1210,Keith Askins,USA,Alabama,11210
1211,Keith Benson,USA,Oakland,11211
1212,Keith Bogans,USA,Kentucky,11212
1213,Keith Booth,USA,Maryland,11213
1214,Keith Closs,USA,Central Connecticut State,11214
1215,Keith Langford,USA,Kansas,11215
1216,Keith McLeod,USA,Bowling Green,11216
1217,Keith Tower,USA,Notre Dame,11217
1218,Keith Van Horn,USA,Utah,11218
1219,Kelan Martin,USA,None,11219
1220,Keldon Johnson,USA,Kentucky,11220
1221,Kelenna Azubuike,England,Kentucky,11221
1222,Kelly McCarty,USA,Southern Mississippi,11222
1223,Kelly Olynyk,Canada,Gonzaga,11223
1224,Kelly Oubre Jr.,USA,Kansas,11224
1225,Kelvin Cato,USA,Iowa State,11225
1226,Kemba Walker,USA,Connecticut,11226
1227,Ken Johnson,USA,Ohio State,11227
1228,Ken Norman,USA,Illinois,11228
1229,Kendall Gill,USA,Illinois,11229
1230,Kendall Marshall,USA,North Carolina,11230
1231,Kendrick Nunn,USA,Oakland,11231
1232,Kendrick Perkins,USA,None,11232
1233,Kenneth Faried,USA,Morehead State,11233
1234,Kenny Anderson,USA,Georgia Tech,11234
1235,Kenny Satterfield,USA,Cincinnati,11235
1236,Kenny Smith,USA,North Carolina,11236
1237,Kenny Thomas,USA,New Mexico,11237
1238,Kenrich Williams,USA,None,11238
1239,Kent Bazemore,USA,Old Dominion,11239
1240,Kentavious Caldwell-Pope,USA,Georgia,11240
1241,Kenyon Martin,USA,Cincinnati,11241
1242,Keon Clark,USA,Nevada-Las Vegas,11242
1243,Kerry Kittles,USA,Villanova,11243
1244,Kevin Burleson,USA,Minnesota,11244
1245,Kevin Duckworth,USA,Eastern Illinois,11245
1246,Kevin Durant,USA,Texas,11246
1247,Kevin Edwards,USA,DePaul,11247
1248,Kevin Gamble,USA,Iowa,11248
1249,Kevin Garnett,USA,None,11249
1250,Kevin Hervey,USA,Texas-Arlington,11250
1251,Kevin Huerter,USA,Maryland,11251
1252,Kevin Johnson,USA,California,11252
1253,Kevin Jones,USA,West Virginia,11253
1254,Kevin Knox II,USA,Kentucky,11254
1255,Kevin Love,USA,UCLA,11255
1256,Kevin Martin,USA,Western Carolina,11256
1257,Kevin Murphy,USA,Tennessee Tech,11257
1258,Kevin Ollie,USA,Connecticut,11258
1259,Kevin Porter Jr.,USA,USC,11259
1260,Kevin Salvadori,USA,North Carolina,11260
1261,Kevin Seraphin,France,Le Moyne,11261
1262,Kevin Willis,USA,Michigan State,11262
1263,Kevinn Pinkney,USA,Nevada,11263
1264,Kevon Looney,USA,UCLA,11264
1265,Keyon Dooling,USA,Missouri,11265
1266,Khalid El-Amin,USA,Connecticut,11266
1267,Khalid Reeves,USA,Arizona,11267
1268,Khem Birch,Canada,UNLV,11268
1269,Khris Middleton,USA,Texas A&M,11269
1270,Khyri Thomas,USA,Creighton,11270
1271,Kim English,USA,Missouri,11271
1272,Kirk Haston,USA,Indiana,11272
1273,Kirk Hinrich,USA,Kansas,11273
1274,Kirk Penney,USA,Wisconsin,11274
1275,Kirk Snyder,USA,Nevada,11275
1276,Kiwane Garris,USA,Illinois,11276
1277,Klay Thompson,USA,Washington State,11277
1278,Kobe Bryant,USA,None,11278
1279,Kobi Simmons,USA,Arizona,11279
1280,Korleone Young,USA,None,11280
1281,Kornel David,USA,None,11281
1282,Kosta Koufos,USA,Ohio State,11282
1283,Kosta Perovic,USA,None,11283
1284,Kostas Antetokounmpo,Greece,University of Dayton,11284
1285,Kostas Papanikolaou,Greece,None,11285
1286,Kris Dunn,USA,Providence,11286
1287,Kris Humphries,USA,Minnesota,11287
1288,Kris Joseph,USA,Syracuse,11288
1289,Kristaps Porzingis,Latvia,None,11289
1290,Kurt Thomas,USA,Texas Christian,11290
1291,Kwame Brown,USA,None,11291
1292,Ky Bowman,USA,None,11292
1293,Kyle Anderson,USA,UCLA,11293
1294,Kyle Collinsworth,USA,Brigham Young,11294
1295,Kyle Guy,USA,Virginia,11295
1296,Kyle Korver,USA,Creighton,11296
1297,Kyle Kuzma,USA,Utah,11297
1298,Kyle Lowry,USA,Villanova,11298
1299,Kyle O'Quinn,USA,Norfolk State,11299
1300,Kyle Singler,USA,Duke,11300
1301,Kyle Weaver,USA,Washington State,11301
1302,Kyle Wiltjer,Canada,Gonzaga,11302
1303,Kyrie Irving,Australia,Duke,11303
1304,Kyrylo Fesenko,Ukraine,None,11304
1305,LaMarcus Aldridge,USA,Texas,11305
1306,LaPhonso Ellis,USA,Notre Dame,11306
1307,LaSalle Thompson,USA,Texas,11307
1308,Lamar Odom,USA,Rhode Island,11308
1309,Lamar Patterson,USA,Pittsburgh,11309
1310,Lamond Murray,USA,California,11310
1311,Lance Allred,USA,Weber State,11311
1312,Lance Stephenson,USA,Cincinnati,11312
1313,Lance Thomas,USA,Duke,11313
1314,Landry Fields,USA,Stanford,11314
1315,Landry Shamet,USA,Wichita State,11315
1316,Langston Galloway,USA,Saint Joseph's,11316
1317,Lari Ketner,USA,Massachusetts,11317
1318,Laron Profit,USA,Maryland,11318
1319,Larry Drew II,USA,UCLA,11319
1320,Larry Hughes,USA,Saint Louis,11320
1321,Larry Johnson,USA,Nevada-Las Vegas,11321
1322,Larry Krystkowiak,USA,Montana,11322
1323,Larry Nance Jr.,USA,Wyoming,11323
1324,Larry Owens,USA,Oral Roberts,11324
1325,Larry Robinson,USA,Centenary (LA),11325
1326,Larry Sanders,USA,Virginia Commonwealth,11326
1327,Larry Stewart,USA,Coppin State,11327
1328,Latrell Sprewell,USA,Alabama,11328
1329,Lauri Markkanen,Finland,Arizona,11329
1330,Lavor Postell,USA,St. John's (NY),11330
1331,Lavoy Allen,USA,Temple,11331
1332,Lawrence Funderburke,USA,Ohio State,11332
1333,Lawrence Moten,USA,Syracuse,11333
1334,Lawrence Roberts,USA,Mississippi State,11334
1335,Lazar Hayward,USA,Marquette,11335
1336,Lazaro Borrell,USA,None,11336
1337,LeBron James,USA,None,11337
1338,Leandro Barbosa,Brazil,None,11338
1339,Ledell Eackles,USA,New Orleans,11339
1340,Lee Mayberry,USA,Arkansas,11340
1341,Lee Nailon,USA,Texas Christian,11341
1342,Leon Powe,USA,California,11342
1343,Leon Smith,USA,None,11343
1344,Lester Hudson,USA,Tennessee-Martin,11344
1345,Linas Kleiza,Lithuania,Missouri,11345
1346,Lindsey Hunter,USA,Jackson State,11346
1347,Linton Johnson,USA,Tulane,11347
1348,Lionel Chalmers,USA,Xavier,11348
1349,Lionel Simmons,USA,La Salle,11349
1350,Litterial Green,USA,Georgia,11350
1351,Lloyd Daniels,USA,Mt. San Antonio,11351
1352,London Perrantes,USA,Virginia,11352
1353,Lonnie Walker IV,USA,Miami,11353
1354,Lonny Baxter,USA,Maryland,11354
1355,Lonzo Ball,USA,UCLA,11355
1356,Loren Meyer,USA,Iowa State,11356
1357,Loren Woods,USA,Arizona,11357
1358,Lorenzen Wright,USA,Memphis,11358
1359,Lorenzo Brown,USA,North Carolina State,11359
1360,Lorenzo Williams,USA,Stetson,11360
1361,Lou Amundson,USA,Nevada-Las Vegas,11361
1362,Lou Roe,USA,Massachusetts,11362
1363,Lou Williams,USA,None,11363
1364,Louis King,USA,None,11364
1365,Loy Vaught,USA,Michigan,11365
1366,Luc Longley,USA,New Mexico,11366
1367,Luc Mbah a Moute,Cameroon,UCLA,11367
1368,Lucas Nogueira,Brazil,None,11368
1369,Lucious Harris,USA,Long Beach State,11369
1370,Luguentz Dort,Canada,None,11370
1371,Luis Flores,USA,Manhattan,11371
1372,Luis Montero,Dominican Republic,Westchester CC NY,11372
1373,Luis Scola,Argentina,None,11373
1374,Luka Doncic,Slovenia,None,11374
1375,Luka Samanic,Croatia,None,11375
1376,Luke Babbitt,USA,Nevada,11376
1377,Luke Harangody,USA,Notre Dame,11377
1378,Luke Jackson,USA,Oregon,11378
1379,Luke Kennard,USA,Duke,11379
1380,Luke Kornet,USA,Vanderbilt,11380
1381,Luke Ridnour,USA,Oregon,11381
1382,Luke Schenscher,USA,Georgia Tech,11382
1383,Luke Walton,USA,Arizona,11383
1384,Luke Zeller,USA,Notre Dame,11384
1385,Luol Deng,United Kingdom,Duke,11385
1386,Luther Head,USA,Illinois,11386
1387,Lynn Greer,USA,Temple,11387
1388,Maalik Wayns,USA,Villanova,11388
1389,Maceo Baston,USA,Michigan,11389
1390,Maciej Lampe,Poland,None,11390
1391,Mahmoud Abdul-Rauf,USA,Louisiana State,11391
1392,Malachi Richardson,USA,Syracuse,11392
1393,Malcolm Brogdon,USA,Virginia,11393
1394,Malcolm Delaney,USA,Virginia Tech,11394
1395,Malcolm Lee,USA,UCLA,11395
1396,Malcolm Miller,USA,Holy Cross,11396
1397,Malcolm Thomas,USA,San Diego State,11397
1398,Malik Allen,USA,Villanova,11398
1399,Malik Beasley,USA,Florida State,11399
1400,Malik Hairston,USA,Oregon,11400
1401,Malik Monk,USA,Kentucky,11401
1402,Malik Newman,USA,Kansas,11402
1403,Malik Rose,USA,Drexel,11403
1404,Malik Sealy,USA,St. John's (NY),11404
1405,Mamadou N'diaye,Senegal,Auburn,11405
1406,Mangok Mathiang,Australia,Louisville,11406
1407,Manny Harris,USA,Michigan,11407
1408,Manu Ginobili,Argentina,None,11408
1409,MarShon Brooks,USA,Providence,11409
1410,Marc Gasol,Spain,None,11410
1411,Marc Jackson,USA,Temple,11411
1412,Marcelo Huertas,Brazil,None,11412
1413,Marcin Gortat,Poland,None,11413
1414,Marco Belinelli,Italy,None,11414
1415,Marcus Banks,USA,Nevada-Las Vegas,11415
1416,Marcus Brown,USA,Murray State,11416
1417,Marcus Camby,USA,Massachusetts,11417
1418,Marcus Cousin,USA,Houston,11418
1419,Marcus Derrickson,USA,None,11419
1420,Marcus Fizer,USA,Iowa State,11420
1421,Marcus Georges-Hunt,USA,Georgia Tech,11421
1422,Marcus Haislip,USA,Tennessee,11422
1423,Marcus Landry,USA,Wisconsin,11423
1424,Marcus Morris,USA,Kansas,11424
1425,Marcus Morris Sr.,USA,Kansas,11425
1426,Marcus Paige,USA,North Carolina,11426
1427,Marcus Smart,USA,Oklahoma State,11427
1428,Marcus Thornton,USA,Louisiana State,11428
1429,Marcus Vinicius,USA,None,11429
1430,Marcus Williams,USA,Connecticut,11430
1431,Mardy Collins,USA,Temple,11431
1432,Marial Shayok,Canada,Iowa State,11432
1433,Mario Bennett,USA,Arizona State,11433
1434,Mario Chalmers,USA,Kansas,11434
1435,Mario Elie,USA,American International,11435
1436,Mario Hezonja,Croatia,None,11436
1437,Mario Kasun,Croatia,None,11437
1438,Mario West,USA,Georgia Tech,11438
1439,Mark Baker,USA,Ohio State,11439
1440,Mark Blount,USA,Pittsburgh,11440
1441,Mark Bradtke,USA,None,11441
1442,Mark Bryant,USA,Seton Hall,11442
1443,Mark Davis,USA,Texas Tech,11443
1444,Mark Hendrickson,USA,Washington State,11444
1445,Mark Jackson,USA,St. John's (NY),11445
1446,Mark Jones,USA,Central Florida,11446
1447,Mark Macon,USA,Temple,11447
1448,Mark Madsen,USA,Stanford,11448
1449,Mark Pope,USA,Kentucky,11449
1450,Mark Price,USA,Georgia Tech,11450
1451,Mark Strickland,USA,Temple,11451
1452,Mark West,USA,Old Dominion,11452
1453,Markel Brown,USA,Oklahoma State,11453
1454,Markelle Fultz,USA,Washington,11454
1455,Markieff Morris,USA,Kansas,11455
1456,Marko Guduric,Serbia,None,11456
1457,Marko Jaric,Serbia,None,11457
1458,Marko Milic,Slovenia,None,11458
1459,Marlon Garnett,USA,Santa Clara,11459
1460,Marques Bolden,USA,None,11460
1461,Marquese Chriss,USA,Washington,11461
1462,Marquis Daniels,USA,Auburn,11462
1463,Marquis Teague,USA,Kentucky,11463
1464,Marreese Speights,USA,Florida,11464
1465,Marshall Plumlee,USA,Duke,11465
1466,Martell Webster,USA,None,11466
1467,Martin Lewis,USA,Seward County Community College,11467
1468,Martin Muursepp,USA,None,11468
1469,Marty Conlon,USA,Providence,11469
1470,Martynas Andriuskevicius,Lithuania,None,11470
1471,Marvin Bagley III,USA,Duke,11471
1472,Marvin Williams,USA,North Carolina,11472
1473,Mason Plumlee,USA,Duke,11473
1474,Mateen Cleaves,USA,Michigan State,11474
1475,Matisse Thybulle,USA,Washington,11475
1476,Matt Barnes,USA,UCLA,11476
1477,Matt Bonner,USA,Florida,11477
1478,Matt Bullard,USA,Iowa,11478
1479,Matt Carroll,USA,Notre Dame,11479
1480,Matt Costello,USA,Michigan State,11480
1481,Matt Fish,USA,North Carolina-Wilmington,11481
1482,Matt Freije,USA,Vanderbilt,11482
1483,Matt Geiger,USA,Georgia Tech,11483
1484,Matt Harpring,USA,Georgia Tech,11484
1485,Matt Maloney,USA,Pennsylvania,11485
1486,Matt Mooney,USA,Texas Tech,11486
1487,Matt Steigenga,USA,Michigan State,11487
1488,Matt Thomas,USA,Iowa State,11488
1489,Matt Walsh,USA,Florida,11489
1490,Matt Williams Jr.,USA,Central Florida,11490
1491,Matthew Dellavedova,Australia,Saint Mary's (CA),11491
1492,Maurice Ager,USA,Michigan State,11492
1493,Maurice Baker,USA,Oklahoma State,11493
1494,Maurice Carter,USA,Louisiana State,11494
1495,Maurice Evans,USA,Texas,11495
1496,Maurice Harkless,USA,St. John's (NY),11496
1497,Maurice Ndour,Senegal,Ohio U.,11497
1498,Maurice Taylor,USA,Michigan,11498
1499,Max Strus,USA,None,11499
1500,Maxi Kleber,Germany,None,11500
1501,Mehmet Okur,Turkey,None,11501
1502,Melvin Booker,USA,Missouri,11502
1503,Melvin Ely,USA,Fresno State,11503
1504,Melvin Frazier Jr.,USA,Tulane,11504
1505,Melvin Sanders,USA,Oklahoma State,11505
1506,Mengke Bateer,China,None,11506
1507,Metta World Peace,USA,St. John's (NY),11507
1508,Meyers Leonard,USA,Illinois,11508
1509,Mfiondu Kabengele,Canada,Florida State,11509
1510,Michael Beasley,USA,Kansas State,11510
1511,Michael Bradley,USA,Villanova,11511
1512,Michael Cage,USA,San Diego State,11512
1513,Michael Carter-Williams,USA,Syracuse,11513
1514,Michael Curry,USA,Georgia Southern,11514
1515,Michael Dickerson,USA,Arizona,11515
1516,Michael Doleac,USA,Utah,11516
1517,Michael Finley,USA,Wisconsin,11517
1518,Michael Frazier,USA,Florida,11518
1519,Michael Gbinije,USA,Syracuse,11519
1520,Michael Hawkins,USA,Xavier,11520
1521,Michael Jordan,USA,North Carolina,11521
1522,Michael Kidd-Gilchrist,USA,Kentucky,11522
1523,Michael McDonald,USA,New Orleans,11523
1524,Michael Olowokandi,Nigeria,Pacific,11524
1525,Michael Porter Jr.,USA,Missouri,11525
1526,Michael Redd,USA,Ohio State,11526
1527,Michael Ruffin,USA,Tulsa,11527
1528,Michael Smith,USA,Providence,11528
1529,Michael Stewart,USA,California,11529
1530,Michael Sweetney,USA,Georgetown,11530
1531,Micheal Williams,USA,Baylor,11531
1532,Mickael Gelabale,USA,None,11532
1533,Mickael Pietrus,France,None,11533
1534,Mickell Gladness,USA,Alabama A&M,11534
1535,Mikal Bridges,USA,Villanova,11535
1536,Mike Batiste,USA,Arizona State,11536
1537,Mike Bibby,USA,Arizona,11537
1538,Mike Brown,USA,George Washington,11538
1539,Mike Conley,USA,Ohio State,11539
1540,Mike Dunleavy,USA,Duke,11540
1541,Mike Hall,USA,George Washington,11541
1542,Mike Harris,USA,Rice,11542
1543,Mike James,USA,Duquesne,11543
1544,Mike Miller,USA,Florida,11544
1545,Mike Muscala,USA,Bucknell,11545
1546,Mike Penberthy,USA,Master's,11546
1547,Mike Scott,USA,Virginia,11547
1548,Mike Smith,USA,Louisiana-Monroe,11548
1549,Mike Taylor,USA,Iowa State,11549
1550,Mike Tobey,USA,Virginia,11550
1551,Mike Wilks,USA,Rice,11551
1552,Mikki Moore,USA,Nebraska,11552
1553,Mile Ilic,USA,None,11553
1554,Miles Bridges,USA,Michigan State,11554
1555,Miles Plumlee,USA,Duke,11555
1556,Miles Simon,USA,Arizona,11556
1557,Milos Teodosic,Serbia,None,11557
1558,Milt Palacio,Belize,Colorado State,11558
1559,Milton Doyle,USA,Loyola (IL),11559
1560,Mindaugas Kuzminskas,Lithuania,None,11560
1561,Miroslav Raduljica,Serbia,None,11561
1562,Mirsad Turkcan,USA,None,11562
1563,Mirza Teletovic,Bosnia,None,11563
1564,Mitch McGary,USA,Michigan,11564
1565,Mitch Richmond,USA,Kansas State,11565
1566,Mitchell Butler,USA,UCLA,11566
1567,Mitchell Creek,Australia,None,11567
1568,Mitchell Robinson,USA,None,11568
1569,Miye Oni,USA,Yale,11569
1570,Mo Bamba,USA,University of Texas at Austin,11570
1571,Mo Williams,USA,Alabama,11571
1572,Monta Ellis,USA,None,11572
1573,Monte Morris,USA,Iowa State,11573
1574,Montrezl Harrell,USA,Louisville,11574
1575,Monty Williams,USA,Notre Dame,11575
1576,Moochie Norris,USA,West Florida,11576
1577,Mookie Blaylock,USA,Oklahoma,11577
1578,Moritz Wagner,Germany,Michigan,11578
1579,Morris Almond,USA,Rice,11579
1580,Morris Peterson,USA,Michigan State,11580
1581,Moses Brown,USA,None,11581
1582,Mouhamed Sene,Senegal,None,11582
1583,Muggsy Bogues,USA,Wake Forest,11583
1584,Mustafa Shakur,USA,Arizona,11584
1585,Mychal Mulder,Canada,Kentucky,11585
1586,Mychel Thompson,USA,Pepperdine,11586
1587,Myke Henry,USA,None,11587
1588,Myles Turner,USA,Texas,11588
1589,Nando De Colo,France,None,11589
1590,Nassir Little,USA,North Carolina,11590
1591,Nate Driggers,USA,Montevallo,11591
1592,Nate Huffman,USA,Central Michigan,11592
1593,Nate McMillan,USA,North Carolina State,11593
1594,Nate Robinson,USA,Washington,11594
1595,Nate Wolters,USA,South Dakota State,11595
1596,Nathan Jawai,Australia,Midland,11596
1597,Naz Mitrou-Long,Canada,Iowa State,11597
1598,Naz Reid,USA,None,11598
1599,Nazr Mohammed,USA,Kentucky,11599
1600,Ndudi Ebi,USA,None,11600
1601,Negele Knight,USA,Dayton,11601
1602,Nemanja Bjelica,Serbia,None,11602
1603,Nemanja Nedovic,Serbia,None,11603
1604,Nenad Krstic,Serbia and Montenegro,None,11604
1605,Nene,Brazil,None,11605
1606,Nerlens Noel,USA,Kentucky,11606
1607,Nick Anderson,USA,Illinois,11607
1608,Nick Calathes,USA,Florida,11608
1609,Nick Collison,USA,Kansas,11609
1610,Nick Fazekas,USA,Nevada,11610
1611,Nick Johnson,USA,Arizona,11611
1612,Nick Van Exel,USA,Cincinnati,11612
1613,Nick Young,USA,Southern California,11613
1614,Nickeil Alexander-Walker,Canada,Virginia Tech,11614
1615,Nicolas Batum,France,None,11615
1616,Nicolas Brussino,Argentina,None,11616
1617,Nicolas Claxton,USA,Georgia,11617
1618,Nicolas Laprovittola,Argentina,None,11618
1619,Nicolo Melli,Italy,None,11619
1620,Nigel Hayes,USA,Wisconsin,11620
1621,Nigel Williams-Goss,USA,Gonzaga,11621
1622,Nik Stauskas,Canada,Michigan,11622
1623,Nikola Jokic,Serbia,None,11623
1624,Nikola Mirotic,Montenegro,None,11624
1625,Nikola Pekovic,Montenegro,None,11625
1626,Nikola Vucevic,Montenegro,Southern California,11626
1627,Nikoloz Tskitishvili,Georgia,None,11627
1628,Noah Vonleh,USA,Indiana,11628
1629,Noel Felix,USA,Fresno State,11629
1630,Nolan Smith,USA,Duke,11630
1631,Norman Powell,USA,UCLA,11631
1632,Norman Richardson,USA,Hofstra,11632
1633,Norris Cole,USA,Cleveland State,11633
1634,Norvel Pelle,USA,None,11634
1635,O.J. Mayo,USA,Southern California,11635
1636,OG Anunoby,United Kingdom,Indiana,11636
1637,Obinna Ekezie,Nigeria,Maryland,11637
1638,Ognjen Kuzmic,Bosnia,None,11638
1639,Okaro White,USA,Florida State,11639
1640,Olden Polynice,USA,Virginia,11640
1641,Oleksiy Pecherov,Ukraine,None,11641
1642,Oliver Lafayette,USA,Houston,11642
1643,Oliver Miller,USA,Arkansas,11643
1644,Olumide Oyedeji,Nigeria,None,11644
1645,Omar Cook,USA,St. John's (NY),11645
1646,Omari Johnson,Jamaica,Oregon State,11646
1647,Omari Spellman,USA,Villanova,11647
1648,Omer Asik,Turkey,None,11648
1649,Omri Casspi,Israel,None,11649
1650,Orien Greene,USA,Louisiana-Lafayette,11650
1651,Orlando Johnson,USA,California-Santa Barbara,11651
1652,Oscar Torres,Venezuela,Venezuela,11652
1653,Oshae Brissett,Canada,None,11653
1654,Othella Harrington,USA,Georgetown,11654
1655,Othello Hunter,USA,Ohio State,11655
1656,Othyus Jeffers,USA,Robert Morris (IL),11656
1657,Otis Thorpe,USA,Providence,11657
1658,Otto Porter Jr.,USA,Georgetown,11658
1659,P.J. Brown,USA,Louisiana Tech,11659
1660,P.J. Tucker,USA,Texas,11660
1661,P.J. Washington,USA,Kentucky,11661
1662,PJ Dozier,USA,South Carolina,11662
1663,PJ Hairston,USA,North Carolina,11663
1664,PJ Tucker,USA,Texas,11664
1665,Pablo Prigioni,Argentina,None,11665
1666,Pape Sow,Senegal,Cal State-Fullerton,11666
1667,Pape Sy,France,None,11667
1668,Pascal Siakam,Cameroon,New Mexico State,11668
1669,Pat Burke,Ireland,Auburn,11669
1670,Pat Connaughton,USA,Notre Dame,11670
1671,Pat Garrity,USA,Notre Dame,11671
1672,Patricio Garino,Argentina,George Washington,11672
1673,Patrick Beverley,USA,Arkansas,11673
1674,Patrick Christopher,USA,California,11674
1675,Patrick Ewing,Jamaica,Georgetown,11675
1676,Patrick McCaw,USA,Nevada-Las Vegas,11676
1677,Patrick O'Bryant,USA,Bradley,11677
1678,Patrick Patterson,USA,Kentucky,11678
1679,Patty Mills,Australia,Saint Mary's (CA),11679
1680,Pau Gasol,Spain,None,11680
1681,Paul Davis,USA,Michigan State,11681
1682,Paul George,USA,Fresno State,11682
1683,Paul Grant,USA,Wisconsin,11683
1684,Paul McPherson,USA,DePaul,11684
1685,Paul Millsap,USA,Louisiana Tech,11685
1686,Paul Pierce,USA,Kansas,11686
1687,Paul Shirley,USA,Iowa State,11687
1688,Paul Watson,USA,Fresno State,11688
1689,Paul Zipser,Germany,None,11689
1690,Pavel Podkolzin,Russia,None,11690
1691,Peja Stojakovic,Serbia and Montenegro,None,11691
1692,Pepe Sanchez,Argentina,Temple,11692
1693,Pero Antic,Macedonia,None,11693
1694,Perry Jones III,USA,Baylor,11694
1695,Pervis Ellison,USA,Louisville,11695
1696,Pete Chilcutt,USA,North Carolina,11696
1697,Pete Myers,USA,Arkansas-Little Rock,11697
1698,Peter Aluma,USA,Liberty,11698
1699,Peter John Ramos,Puerto Rico,None,11699
1700,Peyton Siva,USA,Louisville,11700
1701,Phil Pressey,USA,Missouri,11701
1702,Pierre Jackson,USA,Baylor,11702
1703,Pooh Jeter,USA,Portland,11703
1704,Pooh Richardson,USA,UCLA,11704
1705,Popeye Jones,USA,Murray State,11705
1706,Pops Mensah-Bonsu,USA,George Washington,11706
1707,Predrag Drobnjak,Yugoslavia,None,11707
1708,Predrag Savovic,Yugoslavia,Hawaii,11708
1709,Priest Lauderdale,USA,Central State (OH),11709
1710,Primoz Brezec,Slovenia,None,11710
1711,Quentin Richardson,USA,DePaul,11711
1712,Quincy Acy,USA,Baylor,11712
1713,Quincy Douby,USA,Rutgers,11713
1714,Quincy Lewis,USA,Minnesota,11714
1715,Quincy Miller,USA,Baylor,11715
1716,Quincy Pondexter,USA,Washington,11716
1717,Quinn Cook,USA,Duke,11717
1718,Quinndary Weatherspoon,USA,Mississippi State,11718
1719,Quinton Ross,USA,Southern Methodist,11719
1720,Qyntel Woods,USA,Northeast Mississippi Community College,11720
1721,RJ Barrett,Canada,Duke,11721
1722,RJ Hunter,USA,Georgia State,11722
1723,Raef LaFrentz,USA,Kansas,11723
1724,Rafael Addison,USA,Syracuse,11724
1725,Rafael Araujo,Brazil,Brigham Young,11725
1726,Rafer Alston,USA,Fresno State,11726
1727,Raja Bell,U.S. Virgin Islands,Florida International,11727
1728,Rajon Rondo,USA,Kentucky,11728
1729,Rakeem Christmas,USA,Syracuse,11729
1730,Ramon Sessions,USA,Nevada,11730
1731,Randell Jackson,USA,Florida State,11731
1732,Randolph Childress,USA,Wake Forest,11732
1733,Randolph Morris,USA,Kentucky,11733
1734,Randy Brown,USA,New Mexico State,11734
1735,Randy Foye,USA,Villanova,11735
1736,Randy Holcomb,USA,San Diego State,11736
1737,Randy Livingston,USA,Louisiana State,11737
1738,Rashad McCants,USA,North Carolina,11738
1739,Rashad Vaughn,USA,UNLV,11739
1740,Rashard Lewis,USA,None,11740
1741,Rasheed Wallace,USA,North Carolina,11741
1742,Rasho Nesterovic,Slovenia,None,11742
1743,Rasual Butler,USA,La Salle,11743
1744,Ratko Varda,Yugoslavia,None,11744
1745,Raul Lopez,Spain,None,11745
1746,Raul Neto,Brazil,None,11746
1747,Rawle Alkins,USA,None,11747
1748,Rawle Marshall,USA,Oakland,11748
1749,Ray Allen,USA,Connecticut,11749
1750,Ray McCallum,USA,Detroit Mercy,11750
1751,Ray Owes,USA,Arizona,11751
1752,Ray Spalding,USA,Louisville,11752
1753,Rayjon Tucker,USA,None,11753
1754,Raymond Felton,USA,North Carolina,11754
1755,Reece Gaines,USA,Louisville,11755
1756,Reggie Bullock,USA,North Carolina,11756
1757,Reggie Evans,USA,Iowa,11757
1758,Reggie Geary,USA,Arizona,11758
1759,Reggie Hanson,USA,Kentucky,11759
1760,Reggie Hearn,USA,Northwestern,11760
1761,Reggie Jackson,USA,Boston College,11761
1762,Reggie Jordan,USA,New Mexico State,11762
1763,Reggie Miller,USA,UCLA,11763
1764,Reggie Slater,USA,Wyoming,11764
1765,Reggie Williams,USA,Georgetown,11765
1766,Renaldo Balkman,USA,South Carolina,11766
1767,Renaldo Major,USA,Fresno State,11767
1768,Rex Chapman,USA,Kentucky,11768
1769,Rex Walters,USA,Kansas,11769
1770,Richard Hamilton,USA,Connecticut,11770
1771,Richard Jefferson,USA,Arizona,11771
1772,Richard Manning,USA,Washington,11772
1773,Richaun Holmes,USA,Bowling Green,11773
1774,Richie Frahm,USA,Gonzaga,11774
1775,Rick Brunson,USA,Temple,11775
1776,Rick Fox,Canada,North Carolina,11776
1777,Rick Hughes,USA,Thomas More,11777
1778,Rick Mahorn,USA,Hampton,11778
1779,Ricky Davis,USA,Iowa,11779
1780,Ricky Ledo,USA,Providence,11780
1781,Ricky Pierce,USA,Rice,11781
1782,Ricky Rubio,Spain,None,11782
1783,Rik Smits,USA,Marist,11783
1784,Rob Kurz,USA,Notre Dame,11784
1785,Robbie Hummel,USA,Purdue,11785
1786,Robert Archibald,Scotland,Illinois,11786
1787,Robert Covington,USA,Tennessee State,11787
1788,Robert Hite,USA,Miami (FL),11788
1789,Robert Horry,USA,Alabama,11789
1790,Robert Pack,USA,Southern California,11790
1791,Robert Parish,USA,Centenary (LA),11791
1792,Robert Sacre,Canada,Gonzaga,11792
1793,Robert Swift,USA,None,11793
1794,Robert Traylor,USA,Michigan,11794
1795,Robert Werdann,USA,St. John's (NY),11795
1796,Robert Whaley,USA,Walsh,11796
1797,Robert Williams III,USA,Texas A&M,11797
1798,Robin Lopez,USA,Stanford,11798
1799,Rod Strickland,USA,DePaul,11799
1800,Rodions Kurucs,Latvia,None,11800
1801,Rodney Buford,USA,Creighton,11801
1802,Rodney Carney,USA,Memphis,11802
1803,Rodney Hood,USA,Duke,11803
1804,Rodney McGruder,USA,Kansas State,11804
1805,Rodney Purvis,USA,Connecticut,11805
1806,Rodney Rogers,USA,Wake Forest,11806
1807,Rodney Stuckey,USA,Eastern Washington,11807
1808,Rodney White,USA,North Carolina-Charlotte,11808
1809,Rodrick Rhodes,USA,Southern California,11809
1810,Rodrigue Beaubois,France,None,11810
1811,Roger Mason Jr.,USA,Virginia,11811
1812,Roger Powell,USA,Illinois,11812
1813,Roko Ukic,USA,None,11813
1814,Romeo Langford,USA,Indiana,11814
1815,Ron Baker,USA,Wichita State,11815
1816,Ron Harper,USA,Miami (OH),11816
1817,Ron Mercer,USA,Kentucky,11817
1818,Ronald Dupree,USA,Louisiana State,11818
1819,Rondae Hollis-Jefferson,USA,Arizona,11819
1820,Ronnie Brewer,USA,Arkansas,11820
1821,Ronnie Price,USA,Utah Valley,11821
1822,Ronny Turiaf,France,Gonzaga,11822
1823,Rony Seikaly,USA,Syracuse,11823
1824,Roshown McLeod,USA,Duke,11824
1825,Roy Hibbert,USA,Georgetown,11825
1826,Roy Rogers,USA,Alabama,11826
1827,Royal Ivey,USA,Texas,11827
1828,Royce O'Neale,USA,Baylor,11828
1829,Royce White,USA,Iowa State,11829
1830,Ruben Boumtje-Boumtje,USA,Georgetown,11830
1831,Ruben Garces,USA,Providence,11831
1832,Ruben Nembhard,USA,Weber State,11832
1833,Ruben Patterson,USA,Cincinnati,11833
1834,Ruben Wolkowyski,Argentina,None,11834
1835,Rudy Fernandez,Spain,None,11835
1836,Rudy Gay,USA,Connecticut,11836
1837,Rudy Gobert,France,None,11837
1838,Rui Hachimura,Japan,Gonzaga,11838
1839,Rumeal Robinson,USA,Michigan,11839
1840,Russ Smith,USA,Louisville,11840
1841,Russell Westbrook,USA,UCLA,11841
1842,Rusty LaRue,USA,Wake Forest,11842
1843,Ryan Anderson,USA,California,11843
1844,Ryan Arcidiacono,USA,Villanova,11844
1845,Ryan Bowen,USA,Iowa,11845
1846,Ryan Broekhoff,Australia,None,11846
1847,Ryan Gomes,USA,Providence,11847
1848,Ryan Hollins,USA,UCLA,11848
1849,Ryan Humphrey,USA,Notre Dame,11849
1850,Ryan Kelly,USA,Duke,11850
1851,Ryan Reid,USA,Florida State,11851
1852,Ryan Robertson,USA,Kansas,11852
1853,Ryan Stack,USA,South Carolina,11853
1854,Salah Mejri,Tunisia,None,11854
1855,Salim Stoudamire,USA,Arizona,11855
1856,Sam Cassell,USA,Florida State,11856
1857,Sam Dekker,USA,Wisconsin,11857
1858,Sam Jacobson,USA,Minnesota,11858
1859,Sam Mack,USA,Houston,11859
1860,Sam Mitchell,USA,Mercer,11860
1861,Sam Perkins,USA,North Carolina,11861
1862,Sam Young,USA,Pittsburgh,11862
1863,Samaki Walker,USA,Louisville,11863
1864,Samardo Samuels,Jamaica,Louisville,11864
1865,Samuel Dalembert,Haiti,Seton Hall,11865
1866,Sarunas Jasikevicius,USSR,Maryland,11866
1867,Sarunas Marciulionis,USA,None,11867
1868,Sasha Danilovic,USA,None,11868
1869,Sasha Kaun,Russia,Kansas,11869
1870,Sasha Pavlovic,Montenegro,None,11870
1871,Sasha Vujacic,Slovenia,None,11871
1872,Scot Pollard,USA,Kansas,11872
1873,Scott Brooks,USA,California-Irvine,11873
1874,Scott Burrell,USA,Connecticut,11874
1875,Scott Machado,USA,Iona,11875
1876,Scott Padgett,USA,Kentucky,11876
1877,Scott Williams,USA,North Carolina,11877
1878,Scottie Pippen,USA,Central Arkansas,11878
1879,Scotty Hopson,USA,Tennessee,11879
1880,Sean Colson,USA,North Carolina-Charlotte,11880
1881,Sean Elliott,USA,Arizona,11881
1882,Sean Higgins,USA,Michigan,11882
1883,Sean Kilpatrick,USA,Cincinnati,11883
1884,Sean Lampley,USA,California,11884
1885,Sean Marks,New Zealand,California,11885
1886,Sean May,USA,North Carolina,11886
1887,Sean Rooks,USA,Arizona,11887
1888,Sean Singletary,USA,Virginia,11888
1889,Sean Williams,USA,Boston College,11889
1890,Sebastian Telfair,USA,None,11890
1891,Sedale Threatt,USA,West Virginia Tech,11891
1892,Sekou Doumbouya,Guinea,None,11892
1893,Semaj Christon,USA,Xavier,11893
1894,Semi Ojeleye,USA,Southern Methodist,11894
1895,Semih Erden,Turkey,None,11895
1896,Serge Ibaka,Democratic Republic of the Congo,None,11896
1897,Sergei Monia,Russia,None,11897
1898,Sergey Karasev,Russia,None,11898
1899,Sergio Rodriguez,Spain,None,11899
1900,Seth Curry,USA,Duke,11900
1901,Shabazz Muhammad,USA,UCLA,11901
1902,Shabazz Napier,USA,Connecticut,11902
1903,Shai Gilgeous-Alexander,Canada,Kentucky,11903
1904,Shake Milton,USA,Southern Methodist,11904
1905,Shammond Williams,USA,North Carolina,11905
1906,Shamorie Ponds,USA,None,11906
1907,Shandon Anderson,USA,Georgia,11907
1908,Shane Battier,USA,Duke,11908
1909,Shane Edwards,USA,Arkansas-Little Rock,11909
1910,Shane Heal,USA,None,11910
1911,Shane Larkin,USA,Miami (FL),11911
1912,Shannon Brown,USA,Michigan State,11912
1913,Shaquille Harrison,USA,Tulsa,11913
1914,Shaquille O'Neal,USA,Louisiana State,11914
1915,Shareef Abdur-Rahim,USA,California,11915
1916,Sharone Wright,USA,Clemson,11916
1917,Sharrod Ford,USA,Clemson,11917
1918,Shaun Livingston,USA,None,11918
1919,Shavlik Randolph,USA,Duke,11919
1920,Shawn Bradley,USA,Brigham Young,11920
1921,Shawn Kemp,USA,Trinity Valley Community College,11921
1922,Shawn Long,USA,Louisiana-Lafayette,11922
1923,Shawn Marion,USA,Nevada-Las Vegas,11923
1924,Shawn Respert,USA,Michigan State,11924
1925,Shawne Williams,USA,Memphis,11925
1926,Shawnelle Scott,USA,St. John's (NY),11926
1927,Shayne Whittington,USA,Western Michigan,11927
1928,Shea Seals,USA,Tulsa,11928
1929,Shelden Williams,USA,Duke,11929
1930,Sheldon Mac,USA,Miami (Fla.),11930
1931,Shelvin Mack,USA,Butler,11931
1932,Sherman Douglas,USA,Syracuse,11932
1933,Sherron Collins,USA,Kansas,11933
1934,Sim Bhullar,Canada,New Mexico State,11934
1935,Sindarius Thornwell,USA,South Carolina,11935
1936,Skal Labissiere,Haiti,Kentucky,11936
1937,Slava Medvedenko,Ukraine,None,11937
1938,Slavko Vranes,USA,None,11938
1939,Smush Parker,USA,Fordham,11939
1940,Solomon Alabi,Nigeria,Florida State,11940
1941,Solomon Hill,USA,Arizona,11941
1942,Solomon Jones,USA,South Florida,11942
1943,Sonny Weems,USA,Arkansas,11943
1944,Soumaila Samake,Mali,None,11944
1945,Speedy Claxton,USA,Hofstra,11945
1946,Spencer Dinwiddie,USA,Colorado,11946
1947,Spencer Hawes,USA,Washington,11947
1948,Spud Webb,USA,North Carolina State,11948
1949,Stacey Augmon,USA,Nevada-Las Vegas,11949
1950,Stacey King,USA,Oklahoma,11950
1951,Stanley Johnson,USA,Arizona,11951
1952,Stanley Roberts,USA,Louisiana State,11952
1953,Stanton Kidd,USA,Colorado State,11953
1954,Stephane Lasme,Gabon,Massachusetts,11954
1955,Stephen Curry,USA,Davidson,11955
1956,Stephen Graham,USA,Oklahoma State,11956
1957,Stephen Howard,USA,DePaul,11957
1958,Stephen Jackson,USA,Butler Community College,11958
1959,Stephen Zimmerman,USA,Nevada-Las Vegas,11959
1960,Stephon Marbury,USA,Georgia Tech,11960
1961,Sterling Brown,USA,Southern Methodist,11961
1962,Steve Blake,USA,Maryland,11962
1963,Steve Francis,USA,Maryland,11963
1964,Steve Goodrich,USA,Princeton,11964
1965,Steve Hamer,USA,Tennessee,11965
1966,Steve Henson,USA,Kansas State,11966
1967,Steve Kerr,USA,Arizona,11967
1968,Steve Nash,Canada,Santa Clara,11968
1969,Steve Novak,USA,Marquette,11969
1970,Steve Scheffler,USA,Purdue,11970
1971,Steven Adams,New Zealand,Pittsburgh,11971
1972,Steven Hill,USA,Arkansas,11972
1973,Steven Hunter,USA,DePaul,11973
1974,Steven Smith,USA,Michigan State,11974
1975,Stevin Smith,USA,Arizona State,11975
1976,Stojko Vrankovic,USA,None,11976
1977,Stromile Swift,USA,Louisiana State,11977
1978,Sun Sun,USA,None,11978
1979,Sundiata Gaines,USA,Georgia,11979
1980,Svi Mykhailiuk,Ukraine,Kansas,11980
1981,T.J. Ford,USA,Texas,11981
1982,T.J. McConnell,USA,Arizona,11982
1983,T.J. Warren,USA,North Carolina State,11983
1984,TJ Leaf,USA,UCLA,11984
1985,TJ Warren,USA,North Carolina State,11985
1986,Tacko Fall,Senegal,None,11986
1987,Tahjere McCall,USA,Tennessee State,11987
1988,Taj Gibson,USA,Southern California,11988
1989,Talen Horton-Tucker,USA,Iowa State,11989
1990,Tamar Slay,USA,Marshall,11990
1991,Tang Hamilton,USA,Mississippi State,11991
1992,Tarence Kinsey,USA,South Carolina,11992
1993,Tarik Black,USA,Kansas,11993
1994,Tariq Abdul-Wahad,France,San Jose State,11994
1995,Tariq Owens,USA,Texas Tech,11995
1996,Taurean Green,USA,Florida,11996
1997,Taurean Prince,USA,Baylor,11997
1998,Taylor Griffin,USA,Oklahoma,11998
1999,Tayshaun Prince,USA,Kentucky,11999
2000,Terance Mann,USA,Florida State,12000
2001,Terence Davis,USA,None,12001
2002,Terence Morris,USA,Maryland,12002
2003,Terrance Ferguson,USA,None,12003
2004,Terrance Roberson,USA,Fresno State,12004
2005,Terrel Harris,USA,Oklahoma State,12005
2006,Terrell Brandon,USA,Oregon,12006
2007,Terrence Jones,USA,Kentucky,12007
2008,Terrence Ross,USA,Washington,12008
2009,Terrence Williams,USA,Louisville,12009
2010,Terry Cummings,USA,DePaul,12010
2011,Terry Davis,USA,Virginia Union,12011
2012,Terry Dehere,USA,Seton Hall,12012
2013,Terry Mills,USA,Michigan,12013
2014,Terry Porter,USA,Wisconsin-Stevens Point,12014
2015,Terry Rozier,USA,Louisville,12015
2016,Thabo Sefolosha,Switzerland,None,12016
2017,Thaddeus Young,USA,Georgia Tech,12017
2018,Thanasis Antetokounmpo,Greece,None,12018
2019,Theo Pinson,USA,None,12019
2020,Theo Ratliff,USA,Wyoming,12020
2021,Theron Smith,USA,Ball State,12021
2022,Thomas Bryant,USA,Indiana,12022
2023,Thomas Gardner,USA,Missouri,12023
2024,Thomas Hamilton,USA,Pittsburgh,12024
2025,Thomas Robinson,USA,Kansas,12025
2026,Thomas Welsh,USA,UCLA,12026
2027,Thon Maker,South Sudan,None,12027
2028,Thurl Bailey,USA,North Carolina State,12028
2029,Tiago Splitter,Brazil,None,12029
2030,Tibor Pleiss,Germany,None,12030
2031,Tierre Brown,USA,McNeese State,12031
2032,Tim Breaux,USA,Wyoming,12032
2033,Tim Duncan,US Virgin Islands,Wake Forest,12033
2034,Tim Frazier,USA,None,12034
2035,Tim Hardaway,USA,Texas-El Paso,12035
2036,Tim Hardaway Jr.,USA,Michigan,12036
2037,Tim James,USA,Miami (FL),12037
2038,Tim Kempton,USA,Notre Dame,12038
2039,Tim Legler,USA,La Salle,12039
2040,Tim Ohlbrecht,Germany,None,12040
2041,Tim Quarterman,USA,Louisiana State,12041
2042,Tim Thomas,USA,Villanova,12042
2043,Tim Young,USA,Stanford,12043
2044,Timofey Mozgov,Russia,None,12044
2045,Timothe Luwawu-Cabarrot,France,None,12045
2046,Tito Maddox,USA,Fresno State,12046
2047,Tobias Harris,USA,Tennessee,12047
2048,Toby Bailey,USA,UCLA,12048
2049,Todd Day,USA,Arkansas,12049
2050,Todd Fuller,USA,North Carolina State,12050
2051,Todd MacCulloch,Canada,Washington,12051
2052,Tom Chambers,USA,Utah,12052
2053,Tom Gugliotta,USA,North Carolina State,12053
2054,Tom Hammonds,USA,Georgia Tech,12054
2055,Tomas Satoransky,Czech Republic,None,12055
2056,Toney Douglas,USA,Florida State,12056
2057,Toni Kukoc,Croatia,None,12057
2058,Tony Allen,USA,Oklahoma State,12058
2059,Tony Battie,USA,Texas Tech,12059
2060,Tony Bobbitt,USA,Cincinnati,12060
2061,Tony Bradley,USA,North Carolina,12061
2062,Tony Delk,USA,Kentucky,12062
2063,Tony Dumas,USA,Missouri-Kansas City,12063
2064,Tony Farmer,USA,Nebraska,12064
2065,Tony Massenburg,USA,Maryland,12065
2066,Tony Mitchell,USA,North Texas,12066
2067,Tony Parker,France,None,12067
2068,Tony Smith,USA,Marquette,12068
2069,Tony Snell,USA,New Mexico,12069
2070,Tony Wroten,USA,Washington,12070
2071,Tornike Shengelia,Georgia,None,12071
2072,Torraye Braggs,USA,Xavier,12072
2073,Torrey Craig,USA,South Carolina Upstate,12073
2074,Toure' Murry,USA,Wichita State,12074
2075,Tracy McGrady,USA,None,12075
2076,Tracy Moore,USA,Tulsa,12076
2077,Tracy Murray,USA,UCLA,12077
2078,Trae Young,USA,Oklahoma,12078
2079,Trajan Langdon,USA,Duke,12079
2080,Travis Best,USA,Georgia Tech,12080
2081,Travis Diener,USA,Marquette,12081
2082,Travis Hansen,USA,Brigham Young,12082
2083,Travis Knight,USA,Connecticut,12083
2084,Travis Leslie,USA,Georgia,12084
2085,Travis Outlaw,USA,None,12085
2086,Travis Wear,USA,UCLA,12086
2087,Travis Williams,USA,South Carolina State,12087
2088,Tremaine Fowlkes,USA,Fresno State,12088
2089,Tremont Waters,USA,Louisiana State,12089
2090,Trenton Hassell,USA,Austin Peay,12090
2091,Treveon Graham,USA,Virginia Commonwealth,12091
2092,Trevon Duval,USA,None,12092
2093,Trevor Ariza,USA,UCLA,12093
2094,Trevor Booker,USA,Clemson,12094
2095,Trevor Winter,USA,Minnesota,12095
2096,Trey Burke,USA,Michigan,12096
2097,Trey Gilder,USA,Northwestern State,12097
2098,Trey Johnson,USA,Jackson State,12098
2099,Trey Lyles,USA,Kentucky,12099
2100,Trey McKinney-Jones,USA,Miami (FL),12100
2101,Trey Thompkins,USA,Georgia,12101
2102,Tristan Thompson,Canada,Texas,12102
2103,Troy Bell,USA,Boston College,12103
2104,Troy Brown Jr.,USA,Oregon,12104
2105,Troy Caupain,USA,Cincinnati,12105
2106,Troy Daniels,USA,Virginia Commonwealth,12106
2107,Troy Hudson,USA,Southern Illinois,12107
2108,Troy Murphy,USA,Notre Dame,12108
2109,Troy Williams,USA,Indiana,12109
2110,Ty Jerome,USA,Virginia,12110
2111,Ty Lawson,USA,North Carolina,12111
2112,Tyler Cavanaugh,USA,George Washington,12112
2113,Tyler Cook,USA,None,12113
2114,Tyler Davis,USA,None,12114
2115,Tyler Dorsey,USA,Oregon,12115
2116,Tyler Ennis,Canada,Syracuse,12116
2117,Tyler Hansbrough,USA,North Carolina,12117
2118,Tyler Herro,USA,Kentucky,12118
2119,Tyler Honeycutt,USA,UCLA,12119
2120,Tyler Johnson,USA,Fresno State,12120
2121,Tyler Lydon,USA,Syracuse,12121
2122,Tyler Ulis,USA,Kentucky,12122
2123,Tyler Zeller,USA,North Carolina,12123
2124,Tyreke Evans,USA,Memphis,12124
2125,Tyrone Corbin,USA,DePaul,12125
2126,Tyrone Hill,USA,Xavier,12126
2127,Tyrone Nesby,USA,Nevada-Las Vegas,12127
2128,Tyrone Wallace,USA,California,12128
2129,Tyronn Lue,USA,Nebraska,12129
2130,Tyrus Thomas,USA,Louisiana State,12130
2131,Tyshawn Taylor,USA,Kansas,12131
2132,Tyson Chandler,USA,None,12132
2133,Tyson Wheeler,USA,Rhode Island,12133
2134,Tyus Edney,USA,UCLA,12134
2135,Tyus Jones,USA,Duke,12135
2136,Udonis Haslem,USA,Florida,12136
2137,Uros Slokar,USA,None,12137
2138,Vander Blue,USA,Marquette,12138
2139,Vassilis Spanoulis,USA,None,12139
2140,Vernon Macklin,USA,Florida,12140
2141,Vernon Maxwell,USA,Florida,12141
2142,Viacheslav Kravtsov,Ukraine,None,12142
2143,Vic Law,USA,Northwestern,12143
2144,Victor Alexander,USA,Iowa State,12144
2145,Victor Claver,Spain,None,12145
2146,Victor Oladipo,USA,Indiana,12146
2147,Viktor Khryapa,Russia,None,12147
2148,Vin Baker,USA,Hartford,12148
2149,Vince Carter,USA,North Carolina,12149
2150,Vincent Askew,USA,Memphis,12150
2151,Vincent Edwards,USA,Purdue,12151
2152,Vincent Hunter,USA,Texas-El Paso,12152
2153,Vincent Poirier,France,None,12153
2154,Vincent Yarbrough,USA,Tennessee,12154
2155,Vinny Del Negro,USA,North Carolina State,12155
2156,Vitaly Potapenko,Ukraine,Wright State,12156
2157,Vitor Faverani,Brazil,None,12157
2158,Vlade Divac,Serbia and Montenegro,None,12158
2159,Vladimir Radmanovic,Serbia,None,12159
2160,Vladimir Stepania,Georgia,None,12160
2161,Vlatko Cancar,Slovenia,None,12161
2162,Von Wafer,USA,Florida State,12162
2163,Vonteego Cummings,USA,Pittsburgh,12163
2164,Voshon Lenard,USA,Minnesota,12164
2165,Wade Baldwin IV,USA,Vanderbilt,12165
2166,Walker Russell,USA,Jacksonville State,12166
2167,Wally Szczerbiak,USA,Miami (OH),12167
2168,Walt Lemon Jr.,USA,None,12168
2169,Walt Williams,USA,Maryland,12169
2170,Walter Herrmann,USA,None,12170
2171,Walter McCarty,USA,Kentucky,12171
2172,Walter Sharpe,USA,Alabama-Birmingham,12172
2173,Wang Zhi-zhi,China,None,12173
2174,Wayman Tisdale,USA,Oklahoma,12174
2175,Wayne Ellington,USA,North Carolina,12175
2176,Wayne Selden,USA,Kansas,12176
2177,Wayne Simien,USA,Kansas,12177
2178,Wayne Turner,USA,Kentucky,12178
2179,Wendell Carter Jr.,USA,Duke,12179
2180,Wenyen Gabriel,Sudan,None,12180
2181,Wes Iwundu,USA,Kansas State,12181
2182,Wesley Johnson,USA,Syracuse,12182
2183,Wesley Matthews,USA,Marquette,12183
2184,Wesley Person,USA,Auburn,12184
2185,Will Barton,USA,Memphis,12185
2186,Will Blalock,USA,Iowa State,12186
2187,Will Bynum,USA,Georgia Tech,12187
2188,Will Cherry,USA,Montana,12188
2189,Will Conroy,USA,Washington,12189
2190,Will Perdue,USA,Vanderbilt,12190
2191,Will Solomon,USA,Clemson,12191
2192,William Avery,USA,Duke,12192
2193,William Cunningham,USA,Temple,12193
2194,William Howard,France,None,12194
2195,Willie Anderson,USA,Georgia,12195
2196,Willie Burton,USA,Minnesota,12196
2197,Willie Cauley-Stein,USA,Kentucky,12197
2198,Willie Green,USA,Detroit Mercy,12198
2199,Willie Reed,USA,Saint Louis,12199
2200,Willie Warren,USA,Oklahoma,12200
2201,Willy Hernangomez,Spain,None,12201
2202,Wilson Chandler,USA,DePaul,12202
2203,Xavier Henry,USA,Kansas,12203
2204,Xavier McDaniel,USA,Wichita State,12204
2205,Xavier Munford,USA,Rhode Island,12205
2206,Xavier Rathan-Mayes,Canada,Florida State,12206
2207,Xavier Silas,USA,Northern Illinois,12207
2208,Yakhouba Diawara,USA,Pepperdine,12208
2209,Yante Maten,USA,None,12209
2210,Yao Ming,China,None,12210
2211,Yaroslav Korolev,Russia,None,12211
2212,Yi Jianlian,USA,None,12212
2213,Yinka Dare,USA,George Washington,12213
2214,Yogi Ferrell,USA,Indiana,12214
2215,Yuta Tabuse,USA,Brigham Young-Hawaii,12215
2216,Yuta Watanabe,Japan,George Washington,12216
2217,Zabian Dowdell,USA,Virginia Tech,12217
2218,Zach Collins,USA,Gonzaga,12218
2219,Zach LaVine,USA,UCLA,12219
2220,Zach Lofton,USA,New Mexico State,12220
2221,Zach Norvell Jr.,USA,None,12221
2222,Zach Randolph,USA,Michigan State,12222
2223,Zan Tabak,USA,None,12223
2224,Zarko Cabarkapa,Serbia and Montenegro,None,12224
2225,Zaza Pachulia,Georgia,None,12225
2226,Zeljko Rebraca,Yugoslavia,None,12226
2227,Zendon Hamilton,USA,St. John's (NY),12227
2228,Zhaire Smith,USA,Texas Tech,12228
2229,Zhou Qi,China,None,12229
2230,Zion Williamson,USA,Duke,12230
2231,Zoran Dragic,Slovenia,None,12231
2232,Zoran Planinic,Croatia,None,12232
2233,Zydrunas Ilgauskas,Lithuania,None,12233
2234,Zylan Cheatham,USA,None,12234
